id,ret
1,您好！很高兴为您解答关于退换货政策的问题哦。\n\n根据我们官方手册中的说明，关于退货和换货，是这样规定的呢：\n\n> 本保修范围内的合格产品，仅在获得授权RMA编号且于购买30天内退回官网库存时，方可享受全额退款或换货。购买超过30天不予退货。官网保留拒绝任何退货或换货的权利。退款将按原支付方式退回。如需发起退货，只需通过售后支持网站提交申请即可。\n\n另外，关于运费承担的问题，手册中也提到：\n\n> 官网订单的换货与退货，我们承担往返运费。其他授权经销商处购买的产品，售后不承担退货运费，仅承担换货时寄回给最终用户的单程运费。参与“三日换新”计划的电源供应器，无论购买地点，只要是授权经销商，均提供往返加急配送服务。\n\n所以简单来说，如果您是在官网购买的，退换货的运费由我们承担哦；如果是在其他授权经销商处购买的，退货运费需要您先承担，换货时我们承担寄回给您的单程运费呢。\n\n希望以上解答能够帮到您，若有任何不明白的地方，随时欢迎您再来咨询哦！祝您生活愉快！
2,您好！很高兴为您解答关于售后维修服务范围的问题哦。\n\n根据我们官方手册中的说明，关于保修范围与除外责任，是这样规定的呢：\n\n**III. 保修范围与除外责任**\n请注意，本保修并非无条件保障。若产品在保修期内出现经合理判定的故障，我们将根据库存情况，自行决定为您提供维修或更换服务，更换产品可为全新或翻新，功能相近且价值相等或更高。\n\n以下情况不在保修范围内：\n• 未经许可对产品或序列号/保修标签进行改装；\n• 非制造缺陷导致的任何损坏；\n• 因意外、滥用、误用、疏忽、火灾、进水、雷击或其他自然灾害、未经授权改装产品或未遵循产品说明书操作导致的损坏、老化或故障；\n• 安装不当、未经授权的更改或改装、或由非授权人员进行维修或尝试维修；\n• 运输途中损坏（需向承运方提出索赔）；\n• 正常磨损。\n\n我们不保证本产品满足您的所有需求。您有责任判断本产品是否适用于您的用途。\n\n关于您提到的**人为损坏**，很遗憾，根据上述条款，因意外、滥用、误用、疏忽等非制造缺陷导致的损坏，是不在保修范围内的哦。这意味着，如果是人为造成的损坏，维修可能需要您自行承担费用。\n\n至于**维修费用**，对于不在保修范围内的情况（比如人为损坏），具体的维修费用需要根据实际损坏的部件和维修难度来评估。建议您联系我们的官方售后服务中心，提供产品的具体型号和损坏情况，我们的专业人员会为您提供详细的维修方案和费用报价哈。\n\n希望以上解答能够帮到您，若有任何不明白的地方，随时欢迎您再来咨询哦！祝您生活愉快！
3,"您好！关于您咨询的“商品能开发票吗？发票类型是什么？,\n多久能收到”问题，非常抱歉，在我们的官方产品使用手册和知识库中暂时没有找到相关的记录或提及哦。建议您直接联系我们官方在线售后客服为您进行进一步核实与处理，非常感谢您的理解哈！"
4,您好！非常抱歉给您带来不愉快的购物体验了哦。关于包装破损是否影响退换货，我为您查到了相关的官方政策说明哈。\n\n根据【功能键盘手册】中的规定：\n\n> 在英国：\n> • 对于销售给英国客户的产品，在产品预期使用寿命内，您的法定权利包括：\n>   > 购买30天内：若商品存在故障，可立即退款。\n>   > 购买6个月内：若商品无法维修或更换，在大多数情况下您有权获得全额退款。\n>   > 购买6年内：若商品未使用合理期限，您可能有权获得部分退款。\n> • 若主张保修的并非原始消费者，只要能提供保修权益转让证明，本保修仍适用于该消费者。\n> • 根据2015年《消费者权益法》的默示担保条款，您所购商品必须与描述一致、适用于该类商品的常规用途，且质量合格。\n\n另外，关于退货流程，手册中也提到：\n\n> 本保修范围内的合格产品，仅在获得授权RMA编号且于购买30天内退回官网库存时，方可享受全额退款或换货。购买超过30天不予退货。官网保留拒绝任何退货或换货的权利。退款将按原支付方式退回。如需发起退货，只需通过售后支持网站提交申请即可。\n\n所以呢，包装破损本身一般不会影响您退换货的权利，只要商品本身存在故障或与描述不符，在购买30天内都是可以申请退款的哦。建议您先检查一下商品本身是否有损坏，如果商品完好，只是外包装破损，通常不影响正常使用和退换货的哈。如果商品也有损坏，那就完全符合退换货条件了呢。\n\n希望以上解答能够帮到您，若有任何不明白的地方，随时欢迎您再来咨询哦！祝您生活愉快！
6,您好！很高兴为您解答关于退款政策的问题哦。\n\n为您查到，关于退款到账时间和支付方式，官方政策中是这样说明的：\n\n> 本保修范围内的合格产品，仅在获得授权RMA编号且于购买30天内退回官网库存时，方可享受全额退款或换货。购买超过30天不予退货。官网保留拒绝任何退货或换货的权利。退款将按原支付方式退回。如需发起退货，只需通过售后支持网站提交申请即可。\n\n所以，退款是会按照您原来的支付方式（比如信用卡）原路返回的哦，非常方便呢！至于具体的到账时间，通常取决于您的发卡行处理速度，建议您留意一下信用卡账单或联系银行查询进度哈。\n\n希望以上解答能够帮到您，若有任何不明白的地方，随时欢迎您再来咨询哦！祝您生活愉快！
7,您好！非常抱歉给您带来了不愉快的体验，您的反馈我们非常重视！\n\n关于您反映的问题，我们建议您采取以下步骤：\n1. 请保留好相关证据（如商品照片、聊天记录截图、快递单号、开箱视频等），这些将有助于我们尽快核实处理。\n2. 请您通过我们的官方售后服务渠道提交正式投诉，详细描述问题并附上相关凭证。\n3. 我们会在收到投诉后的1-3个工作日内安排专人跟进处理，并及时反馈处理进展。\n4. 如经核实确属我方责任，我们将严格按照相关政策为您办理退换货、退款或赔偿。\n\n我们对给您造成的困扰深表歉意，一定会认真对待您的每一条反馈！建议您尽快联系人工客服提交投诉哦。\n\n希望以上解答能够帮到您，若有任何不明白的地方，随时欢迎您再来咨询哦！祝您生活愉快！
8,您好！非常抱歉给您带来了不愉快的体验，您的反馈我们非常重视！\n\n关于您反映的问题，我们建议您采取以下步骤：\n1. 请保留好相关证据（如商品照片、聊天记录截图、快递单号、开箱视频等），这些将有助于我们尽快核实处理。\n2. 请您通过我们的官方售后服务渠道提交正式投诉，详细描述问题并附上相关凭证。\n3. 我们会在收到投诉后的1-3个工作日内安排专人跟进处理，并及时反馈处理进展。\n4. 如经核实确属我方责任，我们将严格按照相关政策为您办理退换货、退款或赔偿。\n\n我们对给您造成的困扰深表歉意，一定会认真对待您的每一条反馈！建议您尽快联系人工客服提交投诉哦。\n\n希望以上解答能够帮到您，若有任何不明白的地方，随时欢迎您再来咨询哦！祝您生活愉快！
9,您好！很高兴为您解答关于物流配送的问题哦。\n\n关于您咨询的物流问题，以下信息供您参考：\n1. 国内标准配送一般为3-5个工作日，偏远地区可能需要额外1-2天。\n2. 如收到商品发现少件或缺件，请您在签收后48小时内联系客服，我们会尽快为您安排补寄。\n3. 如快递在运输过程中丢失，请您及时联系客服并提供订单号，我们会协助您与快递公司核实并处理。\n4. 海外配送服务请咨询人工客服了解具体地区和运费详情。\n\n建议您提供订单号，联系人工客服为您查询物流状态或处理相关问题哦！\n\n希望以上解答能够帮到您，若有任何不明白的地方，随时欢迎您再来咨询哦！祝您生活愉快！
10,您好！很高兴为您解答关于售后服务的问题哦。\n\n关于售后服务，以下信息供您参考：\n1. 我们的商品均享有国家规定的三包服务（修理、更换、退货），具体保修期限请参考商品详情页或产品保修卡。\n2. 保修范围内的维修服务免费提供，人为损坏不在保修范围内，维修费用根据实际损坏情况评估。\n3. 如需申请售后维修，请通过我们的售后服务渠道提交申请，并附上购买凭证（订单截图或发票）。\n4. 部分大家电商品提供免费上门安装服务，具体以商品详情页说明为准。\n\n建议您联系人工客服，提供商品型号和问题描述，我们会为您安排专业的售后服务哦！\n\n希望以上解答能够帮到您，若有任何不明白的地方，随时欢迎您再来咨询哦！祝您生活愉快！
11,您好！非常抱歉给您带来了不好的使用体验，我们对此深感歉意！\n\n关于您反映的商品问题，我们建议您：\n1. 请保留好商品及包装，并拍摄清晰的照片或视频作为凭证。\n2. 如商品在7天内出现质量问题，支持退换货服务，运费由我们承担。\n3. 如超过7天但在保修期内，可通过售后维修渠道处理。\n4. 轻微划痕或颜色偏差如不影响正常使用，建议您联系客服协商解决方案。\n\n请您通过售后服务渠道提交申请并附上相关照片，客服会尽快为您处理哦！\n\n希望以上解答能够帮到您，若有任何不明白的地方，随时欢迎您再来咨询哦！祝您生活愉快！
12,您好！非常抱歉给您带来了不愉快的体验，您的反馈我们非常重视！\n\n关于您反映的问题，我们建议您采取以下步骤：\n1. 请保留好相关证据（如商品照片、聊天记录截图、快递单号、开箱视频等），这些将有助于我们尽快核实处理。\n2. 请您通过我们的官方售后服务渠道提交正式投诉，详细描述问题并附上相关凭证。\n3. 我们会在收到投诉后的1-3个工作日内安排专人跟进处理，并及时反馈处理进展。\n4. 如经核实确属我方责任，我们将严格按照相关政策为您办理退换货、退款或赔偿。\n\n我们对给您造成的困扰深表歉意，一定会认真对待您的每一条反馈！建议您尽快联系人工客服提交投诉哦。\n\n希望以上解答能够帮到您，若有任何不明白的地方，随时欢迎您再来咨询哦！祝您生活愉快！
13,您好！非常抱歉给您带来这么糟糕的体验了，听到您使用一次就出现问题，我们真的非常理解您的心情，也由衷地向您表示歉意哦。\n\n关于您提到的商品质量问题，我为您查到了相关的保修政策说明，官方手册中是这样写的呢：\n\n【文献-6】(出处: 《功能键盘手册》)\n# 在英国：\n• 对于销售给英国客户的产品，在产品预期使用寿命内，您的法定权利包括：\n> 购买30天内：若商品存在故障，可立即退款。\n> 购买6个月内：若商品无法维修或更换，在大多数情况下您有权获得全额退款。\n> 购买6年内：若商品未使用合理期限，您可能有权获得部分退款。\n• 若主张保修的并非原始消费者，只要能提供保修权益转让证明，本保修仍适用于该消费者。\n• 根据2015年《消费者权益法》的默示担保条款，您所购商品必须与描述一致、适用于该类商品的常规用途，且质量合格。\n\n根据您的情况，如果是在购买30天内出现故障，您是有权要求立即退款的哦。建议您直接联系我们的官方客服渠道，提供您的购买凭证和故障描述，我们会尽快为您处理，绝不会让您的问题无人管呢！\n\n希望以上解答能够帮到您，若有任何不明白的地方，随时欢迎您再来咨询哦！祝您生活愉快！
14,您好！非常抱歉给您带来了不愉快的体验，您的反馈我们非常重视！\n\n关于您反映的问题，我们建议您采取以下步骤：\n1. 请保留好相关证据（如商品照片、聊天记录截图、快递单号、开箱视频等），这些将有助于我们尽快核实处理。\n2. 请您通过我们的官方售后服务渠道提交正式投诉，详细描述问题并附上相关凭证。\n3. 我们会在收到投诉后的1-3个工作日内安排专人跟进处理，并及时反馈处理进展。\n4. 如经核实确属我方责任，我们将严格按照相关政策为您办理退换货、退款或赔偿。\n\n我们对给您造成的困扰深表歉意，一定会认真对待您的每一条反馈！建议您尽快联系人工客服提交投诉哦。\n\n希望以上解答能够帮到您，若有任何不明白的地方，随时欢迎您再来咨询哦！祝您生活愉快！
15,您好！非常抱歉给您带来了不愉快的体验，您的反馈我们非常重视！\n\n关于您反映的问题，我们建议您采取以下步骤：\n1. 请保留好相关证据（如商品照片、聊天记录截图、快递单号、开箱视频等），这些将有助于我们尽快核实处理。\n2. 请您通过我们的官方售后服务渠道提交正式投诉，详细描述问题并附上相关凭证。\n3. 我们会在收到投诉后的1-3个工作日内安排专人跟进处理，并及时反馈处理进展。\n4. 如经核实确属我方责任，我们将严格按照相关政策为您办理退换货、退款或赔偿。\n\n我们对给您造成的困扰深表歉意，一定会认真对待您的每一条反馈！建议您尽快联系人工客服提交投诉哦。\n\n希望以上解答能够帮到您，若有任何不明白的地方，随时欢迎您再来咨询哦！祝您生活愉快！
16,您好！很高兴为您解答关于退换货的问题哦。\n\n关于退换货政策，我们的标准服务条款如下：\n1. 自签收商品之日起7天内，支持无理由退换货，商品需保持完好、未经使用，且包装附件齐全。\n2. 7天内退换货的运费承担：如因商品质量问题导致的退换货，运费由我们承担；如因个人原因（如不喜欢、买错等），运费需由买家自行承担。\n3. 超过7天但在保修期内，如商品出现质量问题，可通过售后维修渠道处理。\n4. 换货时请确保商品原始包装完好，如包装丢失可能会影响换货流程，建议您提前与客服确认。\n\n具体的退换货操作，建议您登录我们的售后服务平台提交申请，或直接联系人工客服为您办理哦！\n\n希望以上解答能够帮到您，若有任何不明白的地方，随时欢迎您再来咨询哦！祝您生活愉快！
17,"您好！关于您咨询的“我想换货，但是原来的商品包装盒丢了，还能换吗？,\n...”问题，非常抱歉，在我们的官方产品使用手册和知识库中暂时没有找到相关的记录或提及哦。建议您直接联系我们官方在线售后客服为您进行进一步核实与处理，非常感谢您的理解哈！"
18,您好！很高兴为您解答关于退换货的问题哦。\n\n关于退换货政策，我们的标准服务条款如下：\n1. 自签收商品之日起7天内，支持无理由退换货，商品需保持完好、未经使用，且包装附件齐全。\n2. 7天内退换货的运费承担：如因商品质量问题导致的退换货，运费由我们承担；如因个人原因（如不喜欢、买错等），运费需由买家自行承担。\n3. 超过7天但在保修期内，如商品出现质量问题，可通过售后维修渠道处理。\n4. 换货时请确保商品原始包装完好，如包装丢失可能会影响换货流程，建议您提前与客服确认。\n\n具体的退换货操作，建议您登录我们的售后服务平台提交申请，或直接联系人工客服为您办理哦！\n\n希望以上解答能够帮到您，若有任何不明白的地方，随时欢迎您再来咨询哦！祝您生活愉快！
19,您好！很高兴为您解答关于说明书的问题哦。\n\n关于纸质版说明书，根据我们目前的知识库信息，没有明确提及是否提供纸质版说明书呢。不过，很多产品在包装内通常会附带一份快速入门指南或安全说明，您可以先检查一下产品包装盒内是否有哦。\n\n至于电子版说明书，您可以通过以下方式找到：\n- 访问我们品牌的官方网站，在“支持”或“下载”页面，输入您产品的型号，通常可以找到对应的电子版说明书（PDF格式）进行下载或在线查看。\n- 如果您购买的是特定产品（如健身追踪器、摩托艇等），部分产品手册中会提到通过官方售后支持网站获取更多信息，例如文献-16中提到：“如您已查阅产品用户手册仍需帮助，可通过电话、电子邮件联系我们，或访问售后支持网站。”\n\n希望以上解答能够帮到您，若有任何不明白的地方，随时欢迎您再来咨询哦！祝您生活愉快！
20,您好！非常理解您对国际配送和运费问题的关心哦。不过，关于商品能否寄到国外、运费如何计算以及预计送达时间这些具体信息，我这边查到的知识库内容中并没有相关的说明呢。\n\n建议您直接联系我们的官方客服或访问官网的“国际配送”页面，那里会有最准确、最详细的解答哦。\n\n希望以上解答能够帮到您，若有任何不明白的地方，随时欢迎您再来咨询哦！祝您生活愉快！
21,您好！非常理解您关于发票抬头的问题，我来为您详细解答哦。\n\n关于发票抬头为公司以及抬头写错能否重开的问题，根据我查到的信息，在【检索知识库内容】中，并没有直接提及发票开具的具体规则和注意事项呢。\n\n不过，作为官方售后客服，我可以给您一些温馨的通用建议哦：\n1.  **发票抬头为公司**：通常需要您提供准确的公司全称、纳税人识别号（统一社会信用代码）等开票信息。建议您在购买时或联系客服时，提前准备好这些信息，确保准确无误哈。\n2.  **抬头写错能否重开**：一般情况下，如果发票尚未开具或开具后未跨月，且符合税务规定，是可以申请作废或红冲后重新开具的。但具体操作流程和时限，建议您直接联系我们的官方客服或您购买商品的店铺客服，他们会根据您的订单情况为您处理哦。\n\n希望以上解答能够帮到您，若有任何不明白的地方，随时欢迎您再来咨询哦！祝您生活愉快！
22,您好！非常抱歉给您带来困扰了，关于您提到的商品有瑕疵且已经使用过的情况，我为您查到了相关的售后政策说明哦。\n\n根据官方手册中的规定，对于销售给英国客户的产品，在产品预期使用寿命内，您的法定权利包括：\n> 购买30天内：若商品存在故障，可立即退款。\n> 购买6个月内：若商品无法维修或更换，在大多数情况下您有权获得全额退款。\n> 购买6年内：若商品未使用合理期限，您可能有权获得部分退款。\n\n另外，关于保修范围，手册中也提到：\n> 若产品在保修期内出现经合理判定的故障，我们将根据库存情况，自行决定为您提供维修或更换服务，更换产品可为全新或翻新，功能相近且价值相等或更高。\n\n不过，需要提醒您的是，以下情况不在保修范围内：\n> 非制造缺陷导致的任何损坏；\n> 因意外、滥用、误用、疏忽、火灾、进水、雷击或其他自然灾害、未经授权改装产品或未遵循产品说明书操作导致的损坏、老化或故障；\n> 正常磨损。\n\n所以，如果您的商品瑕疵属于制造缺陷，且在购买30天内，通常可以申请退款；若超过30天但在6个月内，且无法维修或更换，您可能有权获得全额退款。具体是换货还是维修，需要根据我们售后人员的判定来决定哦。\n\n希望以上解答能够帮到您，若有任何不明白的地方，随时欢迎您再来咨询哦！祝您生活愉快！
23,您好！很高兴为您解答关于退款的问题哦。\n\n关于退款政策，以下信息供您参考：\n1. 退款申请审核通过后，一般会在3-7个工作日内原路退回至您的支付账户。\n2. 信用卡支付的退款将原路返回至您的信用卡账户，到账时间可能因银行处理速度略有差异。\n3. 如订单已付款但尚未发货，取消订单后可申请全额退款。\n4. 如商品已签收后申请退款，需先完成退货流程（商品寄回并验收合格）后方可退款。\n\n如需办理退款，建议您通过我们的售后服务平台提交退款申请，客服会尽快为您处理哦！\n\n希望以上解答能够帮到您，若有任何不明白的地方，随时欢迎您再来咨询哦！祝您生活愉快！
24,"您好！非常理解您对售后保障的关心哦。关于您提到的售后保障卡问题，我为您查到了官方手册中的相关说明呢。\n\n根据我们《功能键盘手册》中的保修条款，是这样说明的：\n\n> II. 保障对象\n> 本保修仅覆盖原始消费者购买的产品。\n> <PIC>\n\n另外，关于保修权益的转移，手册中也提到：\n\n> • 若主张保本的并非原始消费者，只要能提供保修权益转让证明，本保修仍适用于该消费者。\n\n所以，如果您的售后保障卡丢失了，请不要担心哦！只要您能提供购买凭证（如发票、收据等）或保修权益转让证明，依然可以享受正常的售后服务呢。建议您妥善保管好购买时的相关凭证，这样即使卡丢了，也能顺利获得售后支持哦。\n\n希望以上解答能够帮到您，若有任何不明白的地方，随时欢迎您再来咨询哦！祝您生活愉快！, [""Manual21_16""]"
25,您好！很高兴为您解答关于优惠活动的问题哦。\n\n关于优惠券和以旧换新服务：\n1. 优惠券的使用范围和条件请以领取时的说明为准，部分优惠券可能限定特定品类或金额门槛。\n2. 以旧换新服务的可用范围和折扣力度，请咨询人工客服了解最新活动详情。\n3. 优惠券一般不可叠加使用，且不与其他促销活动同时享受。\n\n建议您联系人工客服了解最新的优惠活动信息哦！\n\n希望以上解答能够帮到您，若有任何不明白的地方，随时欢迎您再来咨询哦！祝您生活愉快！
26,您好！很高兴为您解答关于智能客服服务范围的问题哦。\n\n关于您问的“智能客服能解答哪些问题”，以及“解答不了的问题怎么办”，根据我们现有的知识库内容，目前主要收录了各类产品的官方手册信息，比如船艇、健身追踪器、人体工学椅、洗碗机、键盘等产品的使用说明、故障排除和规格参数等。智能客服可以基于这些手册内容，为您解答相关产品的具体操作、功能说明、安全注意事项等问题呢。\n\n如果智能客服暂时无法解答您的问题，或者您需要更个性化的帮助，我们建议您通过以下方式处理哦：\n1. **联系官方售后**：您可以直接通过产品的售后系统联系我们，详细说明问题并附上购买凭证，我们会尽快为您处理。\n2. **发送邮件**：如需提出意见与建议，可发送电子邮件至我们的设计团队，我们会认真听取您的反馈。\n3. **查阅完整手册**：部分复杂问题可能需要参考产品附带的完整用户手册，您也可以随时回来咨询我们哦。\n\n希望以上解答能够帮到您，若有任何不明白的地方，随时欢迎您再来咨询哦！祝您生活愉快！
33,您好！很高兴为您解答关于退货政策的问题哦。\n\n根据我们官方手册中的说明，关于退货政策，是这样规定的：\n\n> 本保修范围内的合格产品，仅在获得授权RMA编号且于购买30天内退回官网库存时，方可享受全额退款或换货。购买超过30天不予退货。官网保留拒绝任何退货或换货的权利。退款将按原支付方式退回。如需发起退货，只需通过售后支持网站提交申请即可。\n\n所以，关于您问的“7天无理由退货”，我们官方政策是支持**购买30天内**退货的，但需要满足以下条件哦：\n1.  **必须是合格产品**，且属于保修范围内。\n2.  **必须获得授权RMA编号**。\n3.  **必须在购买后30天内退回官网库存**。\n4.  退款会按原支付方式退回。\n\n希望以上解答能够帮到您，若有任何不明白的地方，随时欢迎您再来咨询哦！祝您生活愉快！
34,您好！非常抱歉给您带来不愉快的购物体验了，关于您收到的商品少发了一件的情况，我为您查到了相关的保修与售后政策说明哦。\n\n根据官方手册中的规定，对于官网订单的换货与退货，我们承担往返运费。其他授权经销商处购买的产品，售后不承担退货运费，仅承担换货时寄回给最终用户的单程运费。参与“三日换新”计划的电源供应器，无论购买地点，只要是授权经销商，均提供往返加急配送服务。\n\n所以，针对您的情况，建议您先联系我们的售后支持团队，提交申请并说明少发的问题。如果确认是少发，通常我们会尽快为您安排补寄，并且根据上述政策，如果是官网订单，运费由我们承担；如果是其他授权经销商处购买，补寄给您的单程运费也是由我们承担的哦。\n\n希望以上解答能够帮到您，若有任何不明白的地方，随时欢迎您再来咨询哦！祝您生活愉快！
35,您好！很高兴为您解答关于退换货的问题哦。\n\n关于退换货政策，我们的标准服务条款如下：\n1. 自签收商品之日起7天内，支持无理由退换货，商品需保持完好、未经使用，且包装附件齐全。\n2. 7天内退换货的运费承担：如因商品质量问题导致的退换货，运费由我们承担；如因个人原因（如不喜欢、买错等），运费需由买家自行承担。\n3. 超过7天但在保修期内，如商品出现质量问题，可通过售后维修渠道处理。\n4. 换货时请确保商品原始包装完好，如包装丢失可能会影响换货流程，建议您提前与客服确认。\n\n具体的退换货操作，建议您登录我们的售后服务平台提交申请，或直接联系人工客服为您办理哦！\n\n希望以上解答能够帮到您，若有任何不明白的地方，随时欢迎您再来咨询哦！祝您生活愉快！
36,您好！很高兴为您服务哈。非常抱歉给您带来困扰，关于您咨询的“商品的生产日期是什么时候”，在我们的产品手册知识库中确实未提及这部分内容。建议您点击联系人工客服，我们会第一时间为您核实解答的哦！
37,您好！很高兴为您解答关于售后服务的问题哦。\n\n关于售后服务，以下信息供您参考：\n1. 我们的商品均享有国家规定的三包服务（修理、更换、退货），具体保修期限请参考商品详情页或产品保修卡。\n2. 保修范围内的维修服务免费提供，人为损坏不在保修范围内，维修费用根据实际损坏情况评估。\n3. 如需申请售后维修，请通过我们的售后服务渠道提交申请，并附上购买凭证（订单截图或发票）。\n4. 部分大家电商品提供免费上门安装服务，具体以商品详情页说明为准。\n\n建议您联系人工客服，提供商品型号和问题描述，我们会为您安排专业的售后服务哦！\n\n希望以上解答能够帮到您，若有任何不明白的地方，随时欢迎您再来咨询哦！祝您生活愉快！
38,您好！感谢您的咨询，很高兴为您服务哦。\n\n关于您咨询的问题，建议您联系我们的在线人工客服，客服会为您提供更详细、更准确的解答和服务。\n您也可以拨打我们的客服热线或通过官方售后服务渠道获取帮助。\n\n再次感谢您的咨询，祝您生活愉快！
39,您好！很高兴为您解答关于售后服务的问题哦。\n\n关于售后服务，以下信息供您参考：\n1. 我们的商品均享有国家规定的三包服务（修理、更换、退货），具体保修期限请参考商品详情页或产品保修卡。\n2. 保修范围内的维修服务免费提供，人为损坏不在保修范围内，维修费用根据实际损坏情况评估。\n3. 如需申请售后维修，请通过我们的售后服务渠道提交申请，并附上购买凭证（订单截图或发票）。\n4. 部分大家电商品提供免费上门安装服务，具体以商品详情页说明为准。\n\n建议您联系人工客服，提供商品型号和问题描述，我们会为您安排专业的售后服务哦！\n\n希望以上解答能够帮到您，若有任何不明白的地方，随时欢迎您再来咨询哦！祝您生活愉快！
40,"您好！关于您咨询的“我想给商品更换成更大的尺寸，能换吗？,\n尺寸差价怎...”问题，非常抱歉，在我们的官方产品使用手册和知识库中暂时没有找到相关的记录或提及哦。建议您直接联系我们官方在线售后客服为您进行进一步核实与处理，非常感谢您的理解哈！ 请参考以下相关插图：<PIC>, [""Manual16_51"", ""Manual16_52""]"
41,您好！非常抱歉给您带来困扰了，关于快递丢失的问题，我们非常理解您焦急的心情。\n\n不过，根据我目前检索到的【知识库内容】，其中并没有关于快递丢失、赔偿流程或解决时间的具体说明哦。建议您直接联系我们的官方客服或您购买产品的店铺，他们会为您提供最准确、最及时的解决方案。\n\n希望以上解答能够帮到您，若有任何不明白的地方，随时欢迎您再来咨询哦！祝您生活愉快！
42,您好！很高兴为您解答关于退款的问题哦。\n\n关于退款政策，以下信息供您参考：\n1. 退款申请审核通过后，一般会在3-7个工作日内原路退回至您的支付账户。\n2. 信用卡支付的退款将原路返回至您的信用卡账户，到账时间可能因银行处理速度略有差异。\n3. 如订单已付款但尚未发货，取消订单后可申请全额退款。\n4. 如商品已签收后申请退款，需先完成退货流程（商品寄回并验收合格）后方可退款。\n\n如需办理退款，建议您通过我们的售后服务平台提交退款申请，客服会尽快为您处理哦！\n\n希望以上解答能够帮到您，若有任何不明白的地方，随时欢迎您再来咨询哦！祝您生活愉快！
43,您好！很高兴为您解答关于物流配送的问题哦。\n\n关于您咨询的物流问题，以下信息供您参考：\n1. 国内标准配送一般为3-5个工作日，偏远地区可能需要额外1-2天。\n2. 如收到商品发现少件或缺件，请您在签收后48小时内联系客服，我们会尽快为您安排补寄。\n3. 如快递在运输过程中丢失，请您及时联系客服并提供订单号，我们会协助您与快递公司核实并处理。\n4. 海外配送服务请咨询人工客服了解具体地区和运费详情。\n\n建议您提供订单号，联系人工客服为您查询物流状态或处理相关问题哦！\n\n希望以上解答能够帮到您，若有任何不明白的地方，随时欢迎您再来咨询哦！祝您生活愉快！
44,您好！很高兴为您解答关于优惠活动的问题哦。\n\n关于优惠券和以旧换新服务：\n1. 优惠券的使用范围和条件请以领取时的说明为准，部分优惠券可能限定特定品类或金额门槛。\n2. 以旧换新服务的可用范围和折扣力度，请咨询人工客服了解最新活动详情。\n3. 优惠券一般不可叠加使用，且不与其他促销活动同时享受。\n\n建议您联系人工客服了解最新的优惠活动信息哦！\n\n希望以上解答能够帮到您，若有任何不明白的地方，随时欢迎您再来咨询哦！祝您生活愉快！
45,您好！很高兴为您解答关于售后服务的问题哦。\n\n关于售后服务，以下信息供您参考：\n1. 我们的商品均享有国家规定的三包服务（修理、更换、退货），具体保修期限请参考商品详情页或产品保修卡。\n2. 保修范围内的维修服务免费提供，人为损坏不在保修范围内，维修费用根据实际损坏情况评估。\n3. 如需申请售后维修，请通过我们的售后服务渠道提交申请，并附上购买凭证（订单截图或发票）。\n4. 部分大家电商品提供免费上门安装服务，具体以商品详情页说明为准。\n\n建议您联系人工客服，提供商品型号和问题描述，我们会为您安排专业的售后服务哦！\n\n希望以上解答能够帮到您，若有任何不明白的地方，随时欢迎您再来咨询哦！祝您生活愉快！
46,您好！很高兴为您解答关于退换货的问题哦。\n\n关于退换货政策，我们的标准服务条款如下：\n1. 自签收商品之日起7天内，支持无理由退换货，商品需保持完好、未经使用，且包装附件齐全。\n2. 7天内退换货的运费承担：如因商品质量问题导致的退换货，运费由我们承担；如因个人原因（如不喜欢、买错等），运费需由买家自行承担。\n3. 超过7天但在保修期内，如商品出现质量问题，可通过售后维修渠道处理。\n4. 换货时请确保商品原始包装完好，如包装丢失可能会影响换货流程，建议您提前与客服确认。\n\n具体的退换货操作，建议您登录我们的售后服务平台提交申请，或直接联系人工客服为您办理哦！\n\n希望以上解答能够帮到您，若有任何不明白的地方，随时欢迎您再来咨询哦！祝您生活愉快！
47,"您好！非常抱歉给您带来这么不愉快的采购体验了，一下子遇到这么多问题，一定让您很困扰。作为官方售后客服，我非常理解您的心情，我们一定会尽全力帮您妥善处理哦。\n\n关于您提到的批量采购中出现的质量问题、少发以及发票问题，根据我们为您查到的官方手册说明，处理流程是这样的：\n\n首先，针对**质量问题商品的换货**和**少发商品的补寄**，您需要申请保修服务。根据手册中的规定：\n\n> **VII. 如何申请保修服务**\n> 直接购买的产品如需保修服务，必须通过售后支持网站提交申请并说明问题。若技术人员判定产品存在故障或需要检测，您需提供购买凭证副本，方可提交退货授权（RMA）申请。\n> 申请获批后，您将收到RMA编号，请在寄回的故障产品外包装上清晰标注或粘贴该编号。建议采取适当措施保护产品，避免运输途中损坏。\n\n所以，请您先通过我们的售后支持网站提交申请，详细说明20件质量问题商品和15件少发商品的情况，并附上您的购买凭证（比如订单截图或发票）。我们的技术人员会进行审核，审核通过后会给您一个RMA编号，您就可以将需要换货的商品寄回给我们啦。对于少发的商品，我们也会在核实后为您安排补寄哦。\n\n其次，关于**发票开错抬头需要重新开具**的问题，手册中也有说明：\n\n> **IX. 经销商保修服务**\n> 如需申请保修服务，您必须提供购买凭证（商店收据或发票）方可享受服务，并在必要时获得维修或更换产品。\n\n发票问题属于财务流程，建议您在提交售后申请时，一并备注清楚正确的发票抬头信息，我们的客服同事会协助您联系财务部门进行重新开具哦。\n\n希望以上解答能够帮到您，若有任何不明白的地方，随时欢迎您再来咨询哦！祝您生活愉快！ 请参考以下相关插图：<PIC>, [""Manual09_15"", ""Manual09_19"", ""Manual09_18""]"
48,"您好！非常抱歉给您带来这么糟糕的购物体验了，收到临近过期的食品，而且包装破损、受潮无法食用，这确实让人非常担心和生气呢。\n\n关于您提到的退货退款、赔偿以及健康保障的问题，我这边作为产品官方售后客服，主要为您解答产品使用和操作上的疑问。不过，根据我检索到的知识库内容，并没有直接关于食品类商品（如临近过期、包装破损、受潮）的退货、赔偿或健康保障政策说明哦。\n\n知识库中主要包含的是关于船艇、蓝牙鼠标、键盘、洗碗机、蒸汽清洁机等产品的操作手册和保修信息，与您提到的食品问题完全不相关呢。\n\n对于您遇到的这种情况，建议您直接联系您购买该食品的**电商平台官方客服**或**该食品品牌的官方售后**，他们会有专门的食品安全和售后政策来处理您的诉求。您也可以保留好商品照片、订单截图等证据，要求平台介入处理哦。\n\n希望以上解答能够帮到您，若有任何不明白的地方，随时欢迎您再来咨询哦！祝您生活愉快！ 请参考以下相关插图：<PIC>, [""Manual09_16"", ""Manual09_9"", ""Manual09_10""]"
49,您好！很高兴为您解答关于物流配送的问题哦。\n\n关于您咨询的物流问题，以下信息供您参考：\n1. 国内标准配送一般为3-5个工作日，偏远地区可能需要额外1-2天。\n2. 如收到商品发现少件或缺件，请您在签收后48小时内联系客服，我们会尽快为您安排补寄。\n3. 如快递在运输过程中丢失，请您及时联系客服并提供订单号，我们会协助您与快递公司核实并处理。\n4. 海外配送服务请咨询人工客服了解具体地区和运费详情。\n\n建议您提供订单号，联系人工客服为您查询物流状态或处理相关问题哦！\n\n希望以上解答能够帮到您，若有任何不明白的地方，随时欢迎您再来咨询哦！祝您生活愉快！
50,您好！很高兴为您解答关于售后服务的问题哦。\n\n关于售后服务，以下信息供您参考：\n1. 我们的商品均享有国家规定的三包服务（修理、更换、退货），具体保修期限请参考商品详情页或产品保修卡。\n2. 保修范围内的维修服务免费提供，人为损坏不在保修范围内，维修费用根据实际损坏情况评估。\n3. 如需申请售后维修，请通过我们的售后服务渠道提交申请，并附上购买凭证（订单截图或发票）。\n4. 部分大家电商品提供免费上门安装服务，具体以商品详情页说明为准。\n\n建议您联系人工客服，提供商品型号和问题描述，我们会为您安排专业的售后服务哦！\n\n希望以上解答能够帮到您，若有任何不明白的地方，随时欢迎您再来咨询哦！祝您生活愉快！
51,"您好！非常抱歉给您带来这么不愉快的体验，我完全理解您的心情。关于您提到的质保期内维修收费和维修超时的问题，我为您查到了相关的官方说明，希望能帮到您哦。\n\n根据官方手册中的规定，关于保修服务的申请流程，是这样说明的：\n\n> # VII. 如何申请保修服务 直接购买的产品如需保修服务，必须通过售后支持网站提交申请并说明问题。若技术人员判定产品存在故障或需要检测，您需提供购买凭证副本，方可提交退货授权（RMA）申请。 申请获批后，您将收到RMA编号，请在寄回的故障产品外包装上清晰标注或粘贴该编号。建议采取适当措施保护产品，避免运输途中损坏。\n\n另外，关于您提到的质保期内维修收费问题，手册中也明确指出：\n\n> 答：不涵盖。保修仅限于机器本身的维修。问：我是否可以自行完成用户手册中推荐的全部或部分保养项目，而非交由经销商处理？\n> 答：可以，若您是合格的维修人员并严格按照用户手册及维修手册步骤操作。但我们建议，需要专用工具或设备的保养项目交由发电机经销商处理。问：如果未完全按照用户手册操作或保养新发电机，保修是否会失效或被取消？\n> 答：不会。新发电机的保修不会被“作废”或“取消”。但是，若因未按手册操作或保养导致特定故障，则该故障可能不在保修范围内。问：我的经销商在保修范围内承担哪些责任？\n> 答：每位发电机经销商应：\n> 1. 销售前检查发电机运行状况。\n> 2. 销售时向您详细讲解操作、保养及保修要求，后续您提出要求时也应提供说明。\n> 此外，每位发电机经销商对其安装、服务及保修维修工作负责。问：保修是否可以转让给二手买家？\n> 答：可以。可申请转让剩余保修期。设备必须经授权发电机经销商检查并重新登记，保修方可继续有效。\n\n根据以上信息，建议您这样处理哦：\n1. **关于收费问题**：如果故障属于产品本身的质量问题或制造缺陷，在质保期内，更换配件通常不应向您收取费用。您可以先与维修人员沟通，明确故障原因是否属于保修范围。如果对方坚持收费，您可以要求其提供书面说明，并联系我们的售后支持网站提交申请，由技术人员进行判定。\n2. **关于维修超时**：手册中并未明确承诺具体的维修天数（如7天），但您可以通过售后支持网站提交申请，说明维修超时的情况，我们会协助您跟进处理。\n\n希望以上解答能够帮到您，若有任何不明白的地方，随时欢迎您再来咨询哦！祝您生活愉快！ 请参考以下相关插图：<PIC>, [""Manual18_2"", ""Manual18_3"", ""Manual18_4""]"
52,您好！非常抱歉给您带来这样的困扰，设备需要拉回仓库维修确实会让人担心运输过程中的安全问题呢。\n\n关于您提到的设备拉回仓库维修以及运输中可能出现的损坏问题，我为您查到官方手册中是这样说明的：\n\n【文献-18】(出处: 《洗碗机手册》)\n内容: # 产品运输 如需搬运产品，请直立放置并从后部握持。向前倾斜可能导致内部电子部件受潮损坏。 1. 运输前拔掉产品电源。 2. 断开排水和供水连接。 3. 完全排干产品内残留的水。\n\n虽然这段说明是针对洗碗机的，但其中关于运输的通用原则——比如**直立放置、从后部握持、避免倾斜**——对于大多数大型设备同样适用哦。建议您在与检修人员沟通时，明确要求他们严格按照设备运输规范操作，比如：\n- 运输前确保设备已断电、断开所有连接。\n- 使用合适的包装和固定措施，防止运输中晃动或碰撞。\n- 如果设备有特殊运输要求（如必须保持水平或防震），请务必提醒他们。\n\n另外，关于维修时间不确定的问题，建议您主动联系官方售后或经销商，询问预计的维修周期，并保留好维修单据和运输记录。如果设备在运输中发生损坏，您可以凭这些记录向售后或物流方追责哦。\n\n希望以上解答能够帮到您，若有任何不明白的地方，随时欢迎您再来咨询哦！祝您生活愉快！
53,您好！关于您咨询的“我想试用商品，但是试用期间商品出现故障，而且不是人...”问题，非常抱歉，在我们的官方产品使用手册和知识库中暂时没有找到相关的记录或提及哦。建议您直接联系我们官方在线售后客服为您进行进一步核实与处理，非常感谢您的理解哈！
54,您好！很高兴为您解答关于退换货的问题哦。\n\n关于退换货政策，我们的标准服务条款如下：\n1. 自签收商品之日起7天内，支持无理由退换货，商品需保持完好、未经使用，且包装附件齐全。\n2. 7天内退换货的运费承担：如因商品质量问题导致的退换货，运费由我们承担；如因个人原因（如不喜欢、买错等），运费需由买家自行承担。\n3. 超过7天但在保修期内，如商品出现质量问题，可通过售后维修渠道处理。\n4. 换货时请确保商品原始包装完好，如包装丢失可能会影响换货流程，建议您提前与客服确认。\n\n具体的退换货操作，建议您登录我们的售后服务平台提交申请，或直接联系人工客服为您办理哦！\n\n希望以上解答能够帮到您，若有任何不明白的地方，随时欢迎您再来咨询哦！祝您生活愉快！
55,您好！很高兴为您解答关于退换货的问题哦。\n\n关于退换货政策，我们的标准服务条款如下：\n1. 自签收商品之日起7天内，支持无理由退换货，商品需保持完好、未经使用，且包装附件齐全。\n2. 7天内退换货的运费承担：如因商品质量问题导致的退换货，运费由我们承担；如因个人原因（如不喜欢、买错等），运费需由买家自行承担。\n3. 超过7天但在保修期内，如商品出现质量问题，可通过售后维修渠道处理。\n4. 换货时请确保商品原始包装完好，如包装丢失可能会影响换货流程，建议您提前与客服确认。\n\n具体的退换货操作，建议您登录我们的售后服务平台提交申请，或直接联系人工客服为您办理哦！\n\n希望以上解答能够帮到您，若有任何不明白的地方，随时欢迎您再来咨询哦！祝您生活愉快！
57,您好！很高兴为您解答关于物流配送的问题哦。\n\n关于您咨询的物流问题，以下信息供您参考：\n1. 国内标准配送一般为3-5个工作日，偏远地区可能需要额外1-2天。\n2. 如收到商品发现少件或缺件，请您在签收后48小时内联系客服，我们会尽快为您安排补寄。\n3. 如快递在运输过程中丢失，请您及时联系客服并提供订单号，我们会协助您与快递公司核实并处理。\n4. 海外配送服务请咨询人工客服了解具体地区和运费详情。\n\n建议您提供订单号，联系人工客服为您查询物流状态或处理相关问题哦！\n\n希望以上解答能够帮到您，若有任何不明白的地方，随时欢迎您再来咨询哦！祝您生活愉快！
58,您好！很高兴为您解答关于退换货的问题哦。\n\n关于退换货政策，我们的标准服务条款如下：\n1. 自签收商品之日起7天内，支持无理由退换货，商品需保持完好、未经使用，且包装附件齐全。\n2. 7天内退换货的运费承担：如因商品质量问题导致的退换货，运费由我们承担；如因个人原因（如不喜欢、买错等），运费需由买家自行承担。\n3. 超过7天但在保修期内，如商品出现质量问题，可通过售后维修渠道处理。\n4. 换货时请确保商品原始包装完好，如包装丢失可能会影响换货流程，建议您提前与客服确认。\n\n具体的退换货操作，建议您登录我们的售后服务平台提交申请，或直接联系人工客服为您办理哦！\n\n希望以上解答能够帮到您，若有任何不明白的地方，随时欢迎您再来咨询哦！祝您生活愉快！
64,"您好！很高兴为您解答关于吹风机使用防护装备的问题哦。\n\n根据官方手册中的说明，使用吹风机时，人员需要佩戴以下防护装备：\n\n1. 合格的听力防护装备\n2. 合格的眼部防护装备\n3. 在多尘环境中操作时佩戴面罩\n4. 防滑鞋底的工作靴或工作鞋\n5. 急救箱\n\n<PIC>\n\n希望以上解答能够帮到您，若有任何不明白的地方，随时欢迎您再来咨询哦！祝您生活愉快！, [""Manual04_3""]"
65,"您好！很高兴为您解答关于吹风机操作安全的问题哦。根据官方手册，操作吹风机时，人员需要特别注意以下安全要点，我为您整理如下：\n\n首先，操作前请务必佩戴所需的防护装备，并确保双脚稳固站立在地面上哈。\n\n关于操作中的具体安全要求，手册中是这样说明的：\n\n**警告！** 严禁将吹风机喷口对准人或动物。高速气流可能夹带颗粒物，尤其吹风机曾用于吸尘作业时，易造成严重伤害。操作时需小心，尤其是左手操作时。避免身体直接接触排气口区域。\n\n**警告！** 检修盖未关闭、损坏或无法闭合时，严禁启动吹风机（安装吸尘管时除外）。\n\n**警告！** 站在梯子或支架上时严禁操作吹风机。\n\n此外，在吹扫作业时，请遵循以下要求：\n1. 严禁向墙壁、巨石、车辆、围栏等固定物体吹扫。\n2. 角落作业时，从角落向作业区域中心吹扫，否则杂物会飞溅至面部造成眼部伤害。\n3. 严禁将吹风机喷口对准娇嫩植物。\n\n<PIC> <PIC> <PIC> <PIC>\n\n希望以上解答能够帮到您，若有任何不明白的地方，随时欢迎您再来咨询哦！祝您生活愉快！, [""Manual04_32"", ""Manual04_33"", ""Manual04_34"", ""Manual04_35""]"
66,"您好！很高兴为您解答关于吹风机化油器调节的问题哦。\n\n根据官方手册的说明，化油器的调节方法如下：\n\n化油器出厂时已精密预设，因气候、海拔、汽油及二冲程机油类型差异可能需要额外调节。以下说明介绍化油器调节方法。\n\n化油器通过油门控制发动机转速，实现空气与燃油混合，空燃比可调。正确设置才能发挥吹风机最大输出功率。\n\n化油器设有三处调节装置：\nH= 高速油针\nL= 低速油针\nT= 怠速调节螺钉\n\n<PIC>\n\n另外，手册中还提到，化油器设有三颗调节螺钉：低速油针、高速油针、怠速调节螺钉。化油器调节需适配当地作业条件，如气候、海拔、汽油及二冲程发动机机油类型。化油器调节详情见第 18 页。\n\n<PIC>\n\n希望以上解答能够帮到您，若有任何不明白的地方，随时欢迎您再来咨询哦！祝您生活愉快！, [""Manual04_42"", ""Manual04_17""]"
67,您好！很高兴为您解答关于吹风机冷机启动的问题哦。\n\n根据官方手册的说明，冷机启动时需要使用阻风门功能呢。为您查到，关于阻风门的使用，手册中是这样说明的：\n\n# 阻风门（10） 阻风门位于发动机罩顶部，冷机启动时必须使用。按下油门扳机后阻风门会自动关闭。\n\n希望以上解答能够帮到您，若有任何不明白的地方，随时欢迎您再来咨询哦！祝您生活愉快！
68,"您好！很高兴为您解答关于吹风机热机启动的问题哦。\n\n根据官方手册的说明，热机启动的步骤如下：\n\n启动  \n<PIC>  \n热机启动  \n<PIC>  \n点火：将停机开关调至启动位置  \n阻风门：先将阻风门控制器调至阻风门位置，再转回原位（B），仅启用启动油门，不使用阻风门。  \n泵油：反复按压泵油膜片直至燃油充满膜片，无需完全充满。  \n<PIC>  \n左手将设备机身按压在地面（注意！切勿用脚踩压）。右手握紧启动手柄，缓慢拉动启动绳至感受到阻力（启动钩啮合），然后快速用力拉动。  \n发动机点火后立即按下阻风门控制器，重复操作直至发动机启动。发动机启动后迅速全开油门，启动油门自动解除。  \n注意！切勿完全拉出启动绳，切勿在启动绳完全拉出时松手，以免损坏设备。  \n<PIC>\n\n希望以上解答能够帮到您，若有任何不明白的地方，随时欢迎您再来咨询哦！祝您生活愉快！, [""Manual04_24"", ""Manual04_26"", ""Manual04_27"", ""Manual04_28""]"
69,"您好！很高兴为您解答关于如何关闭吹风机的问题哦。\n\n根据官方手册的说明，关闭吹风机前，请先确保发动机已经关闭，并且停机开关处于停机位置。具体的操作步骤，您可以参考以下内容：\n\n在安装或拆卸配件及其他部件前，必须先关闭发动机。吹风机运行中、停机后及怠速状态下，催化消音器均异常滚烫，请注意安全。\n\n希望以上解答能够帮到您，若有任何不明白的地方，随时欢迎您再来咨询哦！祝您生活愉快！ 请参考以下相关插图：<PIC>, [""Manual04_1"", ""Manual04_2"", ""Manual04_32""]"
70,"您好！很高兴为您解答关于空调部件的问题哦。\n\n根据官方手册，空调的重要组成部件包括室内机，具体说明如下：\n\n# 部件介绍 \n 室内机 \n <PIC> \n* 功能会根据机型有所调整。\n\n希望以上解答能够帮到您，若有任何不明白的地方，随时欢迎您再来咨询哦！祝您生活愉快！, [""Manual01_0""]"
71,您好！很高兴为您解答关于空调遥控器按键的问题哦。\n\n根据官方手册的说明，遥控器的附加功能按键位于遥控器盖板下方呢。您只需要打开遥控器底部的盖板，就能看到这些隐藏的按键了哈。\n\n希望以上解答能够帮到您，若有任何不明白的地方，随时欢迎您再来咨询哦！祝您生活愉快！
72,"您好！很高兴为您解答关于空调遥控器安装电池的问题哦。\n\n为您查到，官方手册中是这样说明的：\n\n# 安装电池 \n 使用遥控器前，请先安装电池，适用电池型号为 7 号。1 取下电池盖。\n <PIC> \n2 装入新电池，确保电池正、负极安装正确。\n <PIC> \n3 重新装上电池盖。\n\n希望以上解答能够帮到您，若有任何不明白的地方，随时欢迎您再来咨询哦！祝您生活愉快！, [""Manual01_2"", ""Manual01_3""]"
73,"您好！很高兴为您解答关于空调遥控器支架安装的问题哦。根据官方手册中的说明，安装步骤如下：\n\n将支架安装在无阳光直射的位置，以保护遥控器。\n1 选择安全且便于取用的位置。\n2 用螺丝刀将两颗螺丝拧紧，固定支架。\n <PIC> \n3 将遥控器滑入支架中。\n <PIC>\n\n希望以上解答能够帮到您，若有任何不明白的地方，随时欢迎您再来咨询哦！祝您生活愉快！, [""Manual01_4"", ""Manual01_5""]"
74,"您好！很高兴为您解答关于如何用空调快速调节室内温度的问题哦。\n\n根据官方手册，您可以通过以下步骤快速实现室内温度的调节：\n\n1. 按下开/关键开启电源。\n2. 按下极速键。\n<PIC>\n\n- 极速制冷模式下，空调将以 18 摄氏度的温度强风出风 30 分钟。\n- 极速制热模式下，空调将以 30 摄氏度的温度强风出风 30 分钟。\n\n希望以上解答能够帮到您，若有任何不明白的地方，随时欢迎您再来咨询哦！祝您生活愉快！, [""Manual01_16""]"
75,"您好！很高兴为您解答关于空调自清洁运行功能的问题哦。\n\n为您查到，关于自清洁功能，官方手册中是这样说明的：\n\n# 自清洁运行 \n 制冷和除湿运行时，室内机内部会产生水汽，可使用自清洁功能去除水汽。\n1 按下自清洁键，显示屏上会显示自清洁标识。\n <PIC> \n- 若关闭电源，风扇将继续运行 30 分钟，对室内机内部进行清洁。\n\n另外需要温馨提醒您，自清洁功能运行时，部分按键是无法使用的呢。\n\n希望以上解答能够帮到您，若有任何不明白的地方，随时欢迎您再来咨询哦！祝您生活愉快！, [""Manual01_17""]"
76,"您好！很高兴为您解答关于空调等离子净化功能的使用问题哦。\n\n为您查到，关于等离子净化功能，官方手册中是这样说明的：\n\n# 等离子净化运行 \n 本产品搭载的等离子滤网可彻底去除吸入空气中的微小污染物，输送洁净清新的空气。\n1 按下开 / 关键开启电源。\n2 按下等离子键，显示屏上会显示等离子标识。\n <PIC>\n\n另外，还有一个小提示：无需开启空调，直接按下等离子键即可使用该功能哦。等离子净化功能运行时，等离子灯和制冷灯将同时亮起。不过部分机型可能不支持此功能，您可以留意一下哈。\n\n希望以上解答能够帮到您，若有任何不明白的地方，随时欢迎您再来咨询哦！祝您生活愉快！, [""Manual01_18""]"
77,"您好！很高兴为您解答关于单冷型空调如何开启自动运行模式的问题哦。\n\n根据官方手册的说明，单冷型空调开启自动运行模式的具体步骤如下：\n\n1. 按下开 / 关键开启电源。\n2. 反复按下模式键，选择自动运行模式。\n3. 若当前温度高于或低于所需温度，按下上升 / 下降键选择所需的运行代码。\n\n<PIC>\n\n希望以上解答能够帮到您，若有任何不明白的地方，随时欢迎您再来咨询哦！祝您生活愉快！, [""Manual01_19""]"
78,"您好！很高兴为您解答关于空调自动转换运行功能的问题哦。\n\n为您查到，关于自动转换运行功能，官方手册中是这样说明的：\n\n# 自动转换运行 \n 该模式会自动切换运行模式，将设定温度的波动控制在 2 摄氏度以内。\n1 按下开 / 关键开启电源。\n2 反复按下模式键，选择自动转换运行模式，显示屏上会显示对应标识。\n <PIC> \n3 按下上升 / 下降键设置所需温度，温度调节范围为 18 摄氏度（64 华氏度）-30 摄氏度（86 华氏度）。\n4 反复按下风速键选择风扇转速。\n\n希望以上解答能够帮到您，若有任何不明白的地方，随时欢迎您再来咨询哦！祝您生活愉快！, [""Manual01_20""]"
79,"您好！很高兴为您解答关于空调节能制冷模式的问题哦。\n\n为您查到，官方手册中是这样说明的：\n\n# 节能制冷模式 \n 该模式可最大限度降低制冷时的耗电量，并将设定温度调节至最适宜的水平，打造更舒适的环境。\n1 按下开 / 关键开启电源。\n2 反复按下模式键，选择制冷模式。\n3 按下节能键，显示屏上会显示节能标识。\n <PIC>\n\n希望以上解答能够帮到您，若有任何不明白的地方，随时欢迎您再来咨询哦！祝您生活愉快！, [""Manual01_21""]"
80,"您好！很高兴为您解答关于无遥控器操作空调的问题哦。\n\n根据官方手册的说明，当遥控器无法使用时，您可以通过室内机上的开/关键来操作空调，具体步骤如下：\n\n1. 首先，请打开室内机的前盖板，轻轻掀起盖板两侧即可。\n   <PIC>\n   * 功能会根据机型有所调整。\n\n2. 然后，按下开/关键。\n   <PIC>\n   * 功能会根据机型有所调整。\n\n此时，风扇转速会默认设为高速。另外，请注意：\n- 冷暖型机型的运行模式会根据室内温度自动切换。\n   <PIC>\n- 单冷型机型的温度将默认设为 22 摄氏度（71.6 华氏度）。\n\n希望以上解答能够帮到您，若有任何不明白的地方，随时欢迎您再来咨询哦！祝您生活愉快！, [""Manual01_22"", ""Manual01_23"", ""Manual01_24""]"
81,"您好！很高兴为您解答关于空调自动重启功能的问题哦。\n\n关于空调自动重启功能，官方手册中是这样说明的：停电后再次开启空调时，该功能可恢复之前的运行设置，此功能为工厂默认设置。\n\n如果您需要关闭或重新开启该功能，可以按照以下步骤操作哦：\n\n1. 打开前盖板，轻轻掀起盖板两侧即可。\n <PIC> \n* 功能会根据机型有所调整。\n2. 按住开 / 关键 6 秒钟，设备会发出两声蜂鸣，指示灯闪烁 6 次。\n <PIC> \n* 功能会根据机型有所调整。\n- 如需重新开启该功能，再次按住开 / 关键 6 秒钟即可，设备会发出两声蜂鸣，蓝色指示灯闪烁 4 次。\n\n希望以上解答能够帮到您，若有任何不明白的地方，随时欢迎您再来咨询哦！祝您生活愉快！, [""Manual01_25"", ""Manual01_26""]"
82,"您好！很高兴为您解答关于空调清洁频率的问题哦。\n\n根据官方手册中的说明，清洁频率的建议如下：\n\n【文献-1】中提到：\n> ・滤网清洁后，务必牢固安装，每两周清洁一次滤网，必要时可增加清洁频率。\n\n【文献-5】中也明确说明：\n> 建议每两周清洁一次空气滤网，必要时可增加清洁频率。\n\n另外，【文献-3】和【文献-7】中温馨提醒：\n> ・滤网的位置和形状可能因机型不同而有所差异。\n\n所以，不同型号的空调，清洁频率都是建议每两周一次哦，但滤网的具体位置和形状可能会因机型有所不同，清洁时请留意一下哈。希望以上解答能够帮到您，若有任何不明白的地方，随时欢迎您再来咨询哦！祝您生活愉快！ 请参考以下相关插图：<PIC>, [""Manual01_29"", ""Manual01_30"", ""Manual01_2""]"
83,"您好！很高兴为您解答关于如何清洁空调空气滤网的问题哦。\n\n根据官方手册，清洁空气滤网的步骤如下：\n\n1. 关闭电源并拔下电源线。\n2. 打开前盖板，轻轻掀起盖板两侧即可。\n <PIC> \n* 功能会根据机型有所调整。\n3. 握住空气滤网的把手，轻轻向上提起，将其从机身中取出。\n <PIC> \n* 功能会根据机型有所调整。\n4. 用吸尘器清理滤网，或用温水冲洗，若滤网污垢较难清理，可在温水中加入洗涤剂清洗。\n5. 将滤网置于阴凉处晾干。\n\n另外，建议每两周清洁一次空气滤网，必要时可增加清洁频率哦。清洁后务必牢固安装，确保空调正常运行。\n\n希望以上解答能够帮到您，若有任何不明白的地方，随时欢迎您再来咨询哦！祝您生活愉快！, [""Manual01_29"", ""Manual01_30""]"
84,"您好！很高兴为您解答关于清洁空调3M多重防护滤网的问题哦。\n\n为您查到，官方手册中是这样说明的：\n\n# 清洁 3M 多重防护滤网 \n1 关闭电源并拔下电源线。\n2 打开前盖板，取出空气滤网（详见 “清洁空气滤网”）。\n3 抽出 3M 多重防护滤网。\n <PIC> \n* 功能会根据机型有所调整。\n4 用吸尘器清理滤网污垢，切勿用水清洗 3M 多重防护滤网，以免造成滤网损坏。\n\n希望以上解答能够帮到您，若有任何不明白的地方，随时欢迎您再来咨询哦！祝您生活愉快！, [""Manual01_31""]"
85,"您好！很高兴为您解答关于清洁空调等离子滤网的问题哦。\n\n为您查到，官方手册中关于清洁等离子滤网的说明如下：\n\n# 清洁等离子滤网 \n1 关闭电源并拔下电源线。\n2 打开前盖板，取出空气滤网（详见 “清洁空气滤网”）。\n3 在 10 秒内取下等离子滤网。\n <PIC> \n* 功能会根据机型有所调整。\n4 用吸尘器清理滤网污垢，若污垢较难清理，可用温水冲洗。\n5 将滤网置于阴凉处晾干。\n\n另外，温馨提醒您，部分机型可能未配备等离子滤网，且滤网的位置可能因机型不同而有所差异哦。清洁时请务必先关闭电源并拔下电源线，确保安全呢。\n\n希望以上解答能够帮到您，若有任何不明白的地方，随时欢迎您再来咨询哦！祝您生活愉快！, [""Manual01_32""]"
86,您好！很高兴为您解答关于蒸汽清洁机组装的问题哦。\n\n为您查到，关于蒸汽清洁机的组装，官方手册中是这样说明的：\n\n# 蒸汽清洁机组装说明\n\n希望以上解答能够帮到您，若有任何不明白的地方，随时欢迎您再来咨询哦！祝您生活愉快！
87,"您好！很高兴为您解答关于蒸汽清洁机的问题哦！这款产品功能非常实用，而且操作也很简单，让我为您详细介绍一下哈。\n\n首先，关于产品功能，官方手册中是这样说明的：\n\n**产品功能**\n 水箱： （部件 9）水箱位于手持蒸汽器（部件 13）顶部。 可使用蒸馏水或去离子水替代自来水。\n\n另外，蒸汽清洁机还支持搭配多种配件使用，让清洁更灵活高效哦：\n<PIC>\n\n至于如何快速上手使用，您只需按照以下温馨小贴士操作就好啦：\n\n1. **准备工作**：先给水箱加水，建议使用蒸馏水或去离子水，这样能更好地保护机器哦。\n2. **安全第一**：使用前请务必阅读所有安全说明，比如清洁机不使用时记得拔掉电源插头，不要向机器内添加除垢剂、芳香剂、酒精或洗涤剂类产品，以免损坏机器或造成危险呢。\n3. **配件安装**：根据清洁需求，选择合适的配件（如刷头、喷嘴等）安装到蒸汽喷口上，具体配件可参考上面的插图哦。\n4. **开始使用**：插上电源，等待机器加热后，即可对准需要清洁的表面喷射蒸汽啦。注意不可用于皮革、打蜡家具或地板、合成纤维织物、丝绒等易受蒸汽损坏的精细材质哦。\n5. **使用后收纳**：清洁完毕后，拔掉电源，待机器冷却后，按照手册中的收纳说明妥善存放即可。\n\n希望以上解答能够帮到您，若有任何不明白的地方，随时欢迎您再来咨询哦！祝您生活愉快！, [""Manual05_8""]"
88,您好！很高兴为您解答关于蒸汽清洁机清洁硬质地面的问题哦。\n\n根据官方手册的说明，清洁硬质地面时，请按照以下步骤操作：\n\n首先，蒸汽清洁前请先扫地或吸尘，确保地面没有大颗粒的杂物呢。\n\n然后，缓慢移动清洁，同时按下开关出蒸汽。为达到最佳效果，建议在不显眼处测试或查阅地板厂家保养说明哦。\n\n如果您需要对区域消毒，将蒸汽拖把置于该区域至少 15 秒，但不超过 20 秒哈。\n\n不出蒸汽时，请拔掉电源、取下水箱加水后继续清洁。\n\n另外，首次使用时，机器可能需数秒才出蒸汽。水需通过过滤器流入加热器，该延迟仅首次使用出现哦。\n\n本蒸汽清洁机适用于瓷砖、Vinyl 地板、复合地板、大理石、石材及封边木地板。请注意，在打蜡或部分未打蜡地板上使用可能降低光泽度，不可用于未封边木地板呢。\n\n希望以上解答能够帮到您，若有任何不明白的地方，随时欢迎您再来咨询哦！祝您生活愉快！
89,"您好！很高兴为您解答关于人体工学椅组装的问题哦。根据官方手册，组装人体工学椅涉及的部件和步骤说明如下：\n\n在阅读并理解本手册中的说明前，请勿使用本产品。请妥善保管本手册以备日后查阅。检查各类配件\n\n配件详情\n\n<PIC>\n\n使用椅子前须知\n\n安装说明\n\n请保留原包装箱，以备可能需要退换产品时使用。用螺丝将 C1 与 C2 组装在一起\n\n<PIC>\n\n安装脚轮。用底座盖盖住底座中心，并安装气杆。\n\n<PIC>\n\n安装底盘。 <PIC>\n\n安装脚踏，然后套上橡胶圈。 <PIC>\n\n将座椅放置在气杆上。 <PIC>\n\n在椅背上安装连接件。 <PIC>\n\n将连接件安装到底盘后端。 <PIC>\n\n对准螺丝孔并安装扶手。 <PIC>\n\n安装头枕与腰枕。 <PIC>\n\n组装完成。 <PIC>\n\n希望以上解答能够帮到您，若有任何不明白的地方，随时欢迎您再来咨询哦！祝您生活愉快！, [""Manual02_0"", ""Manual02_1"", ""Manual02_2"", ""Manual02_3"", ""Manual02_4"", ""Manual02_5"", ""Manual02_6"", ""Manual02_7"", ""Manual02_8"", ""Manual02_9"", ""Manual02_10""]"
90,"您好！非常高兴为您解答关于椅子扶手松动的问题哦。\n\n根据官方手册中的说明，这其实是一个比较常见的情况呢。为您查到，关于扶手松动，官方手册中是这样说明的：\n\n**常见问题：Q：使用一段时间后扶手变松怎么办？A：大多数情况下，扶手和椅背的螺丝会在使用一段时间后松动，重新拧紧螺丝即可解决问题。**\n\n<PIC>\n\n所以您不用担心，这通常只是螺丝自然松动导致的，您只需要找到扶手和椅背连接处的螺丝，用螺丝刀重新拧紧就可以啦。如果还有其他疑问，随时欢迎您再来咨询哦！祝您生活愉快！, [""Manual02_0""]"
91,"您好！很高兴为您解答关于这款椅子功能的问题哦。\n\n为您查到，这款人体工学椅具备多种实用功能，官方手册中是这样说明的：\n\n**高度调节**\n<PIC>\n向上拉起 “升降” 拉杆即可调节椅子高度，到达所需高度后松开 “升降” 拉杆。调节高度时请将身体微微抬离座椅。\n<PIC>\n\n**椅背后仰功能**\n<PIC>\n向上拉起 “后仰” 拉杆，椅背角度可随人体动作独立倾斜。向下按下 “后仰” 拉杆，椅背角度即可锁定。将椅背复位至正常位置时请靠在椅背上，否则椅背可能会快速回弹。\n<PIC>\n\n**按摩功能**\n插入 USB 即可启用腰枕的按摩功能。\n<PIC>\n\n希望以上解答能够帮到您，若有任何不明白的地方，随时欢迎您再来咨询哦！祝您生活愉快！, [""Manual02_11"", ""Manual02_12"", ""Manual02_13"", ""Manual02_14"", ""Manual02_15""]"
92,"您好！很高兴为您解答关于洗碗机部件的问题哦。\n\n根据官方手册，洗碗机的主要部件包括亮碟剂盒、碗篮等。以下是关于亮碟剂盒的详细说明：\n\n# 亮碟剂 洗碗机使用的亮碟剂是一种特殊配方，用于提高烘干效率，防止洗涤后的餐具上留下水渍或水垢。因此，务必确保亮碟剂盒中有亮碟剂，且仅使用洗碗机专用亮碟剂。 查看亮碟剂指示灯，判断是否需要添加亮碟剂（3）。指示灯常亮表示亮碟剂盒内充足，若指示灯熄灭则需添加。 1. 按下卡扣打开亮碟剂盒盖（B）。  <PIC>  2. 向盒内加注至 MAX 刻度线。3. 轻轻按下关闭盒盖。 擦净溢出的亮碟剂。 意外溢出的亮碟剂会产生泡沫，最终降低洗涤效果。 4. 将亮碟剂剂量调节旋钮手动调至 1-6 之间的位置（4）。 若洗涤后餐具上有污渍，需调高剂量；若手擦后有蓝色痕迹，则调低剂量。出厂默认设置为 4。  <PIC>\n\n此外，洗碗机还包含两个独立碗篮（上层和下层），以及用于装载餐具的碗篮区域。具体装载建议如下：\n\n# 洗碗机装载建议 \n <PIC>  \n <PIC>  #餐具错误装载方式 \n <PIC>\n\n希望以上解答能够帮到您，若有任何不明白的地方，随时欢迎您再来咨询哦！祝您生活愉快！, [""Manual06_6"", ""Manual06_7"", ""Manual06_8"", ""Manual06_9"", ""Manual06_10""]"
93,"您好！很高兴为您解答关于洗碗机首次使用时的排水连接问题哦。\n\n根据官方手册中的说明，关于排水连接，是这样描述的：\n\n# 排水连接 排水管可直接连接到排水孔或水槽排水口。 连接点距地面高度最小 50 厘米，最大 100 厘米。  <PIC>  排水管长度超过 4 米会导致洗涤不干净。 将排水管平直连接到排水管，不得弯折。 牢固固定排水管，防止工作时脱落。 排水管必须连接到污水系统，不得连接到地表水。\n\n希望以上解答能够帮到您，若有任何不明白的地方，随时欢迎您再来咨询哦！祝您生活愉快！, [""Manual06_2""]"
94,"您好！很高兴为您解答关于洗碗机添加专用盐的问题哦。\n\n为您查到，官方手册中是这样说明的：\n\n# 添加专用盐\n软水系统需要再生以保持产品性能稳定，为此需使用洗碗机专用盐。\n产品中只能使用洗碗机专用软化盐。\n建议使用颗粒或粉末状软化盐。\n请勿使用食盐等含不溶物的盐，否则软水系统性能会逐渐下降。\n启动产品时盐箱会进水，因此请在启动机器前添加软化盐。\n1. 先取出下层碗篮以便添加软化盐。\n2. 逆时针旋转盐箱盖打开（A、B）。\n  <PIC>\n  首次使用前，向软水系统注入 1 升水（C）。\n <PIC>\n  使用盐斗向盐箱加盐（D）。\n 为加速盐的溶解，可用勺子搅拌。\n 	  <PIC>\n  盐箱约可装入 2 公斤软化盐。\n4. 盐箱加满后盖上盖子并拧紧。\n5. 若加盐后不立即启动洗涤程序，请空载运行最短程序，溶解并冲散机器内散落的盐。\n由于市场上不同盐品牌的颗粒大小不同，且水硬度可能存在差异，盐在水中的溶解可能需要数小时。因此，加盐后盐量指示灯可能仍会亮一段时间。\n\n希望以上解答能够帮到您，若有任何不明白的地方，随时欢迎您再来咨询哦！祝您生活愉快！, [""Dish_washer_07"", ""Dish_washer_01"", ""Dish_washer_02""]"
95,"您好！很高兴为您解答关于如何为洗碗机添加洗涤剂的问题哦。\n\n根据官方手册的说明，添加洗涤剂的正确步骤如下：\n\n请参考程序表，根据所选程序确定正确的洗涤剂用量。  \n请勿向洗涤剂盒中加入溶剂，有爆炸危险！  \n请按照下图所示，在即将运行机器前将洗涤剂加入洗涤剂盒。\n\n1. 向右推动卡扣打开洗涤剂盒盖（A）。  \n  <PIC>  \n2. 向洗涤剂盒中加入建议量的粉末或块状洗涤剂。  \n  洗涤剂盒内有刻度标记，帮助您使用适量的洗涤剂。  \n  洗涤剂盒装满容量为 40cm³。  \n  根据机器装载量和 / 或餐具脏污程度，将洗涤剂加至 15cm³ 或 25cm³ 刻度线（1）。  \n  <PIC>  \n  若餐具放置时间较长且残渣已干涸，可同时加满 5cm³ 小格（5）。 \n3. 轻轻按下关闭洗涤剂盒盖，听到咔嗒声表示已关紧。  \n  在带预洗的高温程序中使用块状洗涤剂时，请确保洗涤剂盒盖紧闭。  \n  无预洗的短程序建议使用粉末洗涤剂，因为块状洗涤剂的溶解度随温度和时间变化。  \n  过量使用粉末洗涤剂会导致洗涤剂无法完全溶解，并在玻璃器皿上留下划痕。\n\n希望以上解答能够帮到您，若有任何不明白的地方，随时欢迎您再来咨询哦！祝您生活愉快！, [""Dish_washer_03"", ""Manual06_4""]"
96,"您好！很高兴为您解答关于洗碗机添加洗涤块的问题哦。\n\n为您查到，关于洗涤块的使用，官方手册中是这样说明的：\n\n洗涤块除洗涤效果外，还具有软水和 / 或亮碟效果。部分类型还含有玻璃和不锈钢保护剂等专用洗涤化学成分。 洗涤块仅在特定使用条件下效果理想。 洗碗机的最佳洗涤效果需单独使用洗涤剂、亮碟剂和软水盐。 洗涤块包装上的使用说明中会注明在洗碗机中的合适放置位置（洗涤剂盒、碗篮等）。  \n<PIC>  \n市场上常见的洗涤块类型： 2 合 1：含洗涤剂、亮碟剂或软水盐 3 合 1：含洗涤剂、亮碟剂和软水盐 4 合 1：除洗涤剂、亮碟剂和软水盐外，还含玻璃保护剂 5 合 1：除洗涤剂、亮碟剂和软水盐外，还含玻璃和不锈钢保护剂 使用洗涤块时，请遵守洗涤剂生产商的包装说明。\n\n另外，如果您想使用洗涤块功能，可以这样操作哦：按下开机 / 关机键开机，选择所需程序后按下半载 / 洗涤块键，直至洗涤块指示灯亮起，然后按下启动 / 暂停 / 取消键并关闭机门即可。\n\n希望以上解答能够帮到您，若有任何不明白的地方，随时欢迎您再来咨询哦！祝您生活愉快！, [""Manual06_5""]"
97,"您好！很高兴为您解答关于洗碗机亮碟剂使用的问题哦。亮碟剂确实能有效提升烘干效果，防止水渍和水垢残留呢。根据官方手册，以下是添加和使用亮碟剂的详细说明，请您参考哈：\n\n【文献-9】中是这样说明的：\n# 亮碟剂 洗碗机使用的亮碟剂是一种特殊配方，用于提高烘干效率，防止洗涤后的餐具上留下水渍或水垢。因此，务必确保亮碟剂盒中有亮碟剂，且仅使用洗碗机专用亮碟剂。 查看亮碟剂指示灯，判断是否需要添加亮碟剂（3）。指示灯常亮表示亮碟剂盒内充足，若指示灯熄灭则需添加。 1. 按下卡扣打开亮碟剂盒盖（B）。  <PIC>  2. 向盒内加注至 MAX 刻度线。3. 轻轻按下关闭盒盖。 擦净溢出的亮碟剂。 意外溢出的亮碟剂会产生泡沫，最终降低洗涤效果。 4. 将亮碟剂剂量调节旋钮手动调至 1-6 之间的位置（4）。 若洗涤后餐具上有污渍，需调高剂量；若手擦后有蓝色痕迹，则调低剂量。出厂默认设置为 4。  <PIC>\n\n另外，如果您使用的是多效洗涤块（如2合1、3合1等），还可以开启【洗涤块功能】来优化效果哦。根据【文献-10】的说明：\n# 洗涤块功能 根据自来水硬度，洗涤块功能可让 2 合 1、3 合 1、4 合 1、5 合 1 等多效洗涤块获得更好的烘干效果。 选择洗涤块功能时，洗涤块指示灯亮起。 该功能激活时，盐量和亮碟剂指示灯关闭。 按下开机 / 关机键开机以使用洗涤块功能。 选择所需程序后按下半载 / 洗涤块键，直至洗涤块指示灯亮起，然后按下启动 / 暂停 / 取消键并关闭机门。\n\n希望以上解答能够帮到您，若有任何不明白的地方，随时欢迎您再来咨询哦！祝您生活愉快！, [""Manual06_6"", ""Manual06_7""]"
98,您好！很高兴为您解答关于洗碗机使用的问题哦。根据官方手册的说明，以下物品是不适合在洗碗机中清洗的，请您留意哈：\n\n【文献-1】内容：\n# 不适合在洗碗机中清洗的物品\n・切勿在洗碗机中清洗沾有烟灰、蜡烛残渣、抛光剂、染料、化学品等的餐具。\n・请勿清洗铁制器具，以免生锈或在其他物品上留下污渍。\n・请勿清洗带有木质或骨质手柄、黏合部件、不耐热部件的银质餐具、刀具，以及铜和镀锡容器。\n瓷器的装饰花纹以及铝制和银质器具在洗碗机中清洗后可能会褪色或失去光泽，就像手洗一样。\n某些精致玻璃和水晶可能会逐渐失去光泽。强烈建议您在购买餐具时确认是否适合洗碗机清洗。\n\n【文献-2】内容：\n# 厨具上的装饰图案脱落\nC 带装饰的玻璃和光泽瓷器不适合洗碗机清洗。玻璃器皿和瓷器餐具生产商也不建议在洗碗机中清洗此类厨具。\n\n希望以上解答能够帮到您，若有任何不明白的地方，随时欢迎您再来咨询哦！祝您生活愉快！
99,"您好！很高兴为您解答关于洗碗机餐具篮安装的问题哦。\n\n根据官方手册的说明，餐具篮的安装方式与洗碗机型号有关，具体说明如下：\n\n**关于餐具篮（视型号而定）**\n餐具篮设计用于更干净地清洗叉、勺等餐具。  \n<PIC>\n\n**关于上层篮高度调节（视型号而定）**\n您可根据待洗餐具的尺寸调节上层篮高度。使用篮滚轮改变碗篮高度。\n1. 将上层篮导轨末端的限位器拨到一旁（A）。\n2. 取出碗篮（B）。\n3. 改变滚轮位置，将碗篮放回导轨并关闭限位器（C）。\n\n**负载上层篮高度调节（视型号而定）**\n机器上层篮的碗篮调节机构可让您无需将碗篮取出，直接上下调节满载碗篮的高度，根据需要在机器上层或下层创造更大空间。\n升高碗篮：\n1. 抓住上层篮一侧架丝（左或右）向上提起（A）。\n2. 另一侧重复相同操作。\n<PIC>\n3. 确保碗篮高度调节机构两侧处于同一水平（高或低）。\n\n希望以上解答能够帮到您，若有任何不明白的地方，随时欢迎您再来咨询哦！祝您生活愉快！, [""Manual06_11"", ""Manual06_13""]"
100,"您好！很高兴为您解答关于洗碗机可折叠下层篮架的问题哦。\n\n关于可折叠下层篮架的安装，官方手册中是这样说明的：\n\n机器下层碗篮上的两根可折叠架丝设计用于更方便地放置锅、碗等大件物品（1、2）。您可单独或同时折叠每根架丝以创造更大空间。按下卡扣（A）放下折叠架丝。  \n<PIC>\n\n希望以上解答能够帮到您，若有任何不明白的地方，随时欢迎您再来咨询哦！祝您生活愉快！, [""Manual06_12""]"
101,"您好！很高兴为您解答关于洗碗机碗篮高度调节的问题哦。\n\n根据官方手册的说明，当您需要调节满载的上层碗篮高度时，可以按照以下步骤操作，无需将碗篮取出呢：\n\n**升高碗篮：**\n1. 抓住上层篮一侧架丝（左或右）向上提起（A）。\n2. 另一侧重复相同操作。\n3. 确保碗篮高度调节机构两侧处于同一水平（高或低）。\n\n<PIC>\n\n**降低碗篮：**\n1. 按下碗篮调节机构上的卡扣降低碗篮（B）。\n2. 另一侧重复相同操作。\n3. 确保碗篮高度调节机构两侧处于同一水平（高或低）。\n\n<PIC>\n\n希望以上解答能够帮到您，若有任何不明白的地方，随时欢迎您再来咨询哦！祝您生活愉快！, [""Manual06_13"", ""Manual06_14""]"
102,"您好！很高兴为您解答关于洗碗机进水管滤网清洁的问题哦。\n\n为您查到，官方手册中是这样说明的：\n\n# 进水管滤网清洁 安装在进水管上的滤网可防止市政供水或自备水系统中的杂质（沙、污垢、铁锈等）损坏机器。 定期检查滤网和水管，必要时清洁。 1. 关闭水龙头并拆下水管。2. 取出滤网后在自来水下清洁。3. 将清洁后的滤网装回水管原位。 4. 将水管装回水龙头。  <PIC>\n\n希望以上解答能够帮到您，若有任何不明白的地方，随时欢迎您再来咨询哦！祝您生活愉快！, [""Manual06_22""]"
103,"您好！很高兴为您解答关于洗碗机上层喷淋臂清洁的问题哦。\n\n根据官方手册的说明，清洁上层喷淋臂的方法如下：\n\n检查上层喷淋臂（2）上的孔是否堵塞。 若堵塞，拆下并清洁喷淋臂。 向左旋转螺母拆下上层喷淋臂（C、D）。 安装上层喷淋臂时确保螺母拧紧。  \n<PIC>\n\n希望以上解答能够帮到您，若有任何不明白的地方，随时欢迎您再来咨询哦！祝您生活愉快！, [""Manual06_23""]"
104,"您好！很高兴为您解答关于拆除空气净化器滤网塑料包装的问题哦。\n\n根据官方手册的说明，具体步骤如下：\n\n新产品内置一体式滤网。拆除滤网包装前请务必拔下设备插头。\n\n**注意** 滤网塑料包装拆除后无法退货。\n\n1. 双手握住设备上盖并向上拉起。 <PIC>\n2. 握住背部滤网盖把手并向前拉出。 <PIC>\n3. 拆除滤网上的塑料包装。未拆除包装会产生异响，滤网无法正常工作，且可能引发火灾或损坏设备。 <PIC>\n4. 将滤网上下推入设备，确保滤网贴合紧密。 <PIC>\n5. 装回滤网盖。先将盖子插入设备底部固定卡槽。向前滑动盖子，使其卡入顶部卡槽。 <PIC>\n6. 双手握住设备上盖并滑回原位，确保标识朝前。 <PIC>\n7. 滤网安装完成后，长按控制面板上的睡眠 + 自动键 5 秒以上进行初始化。重置后红色滤网指示灯将熄灭。\n\n希望以上解答能够帮到您，若有任何不明白的地方，随时欢迎您再来咨询哦！祝您生活愉快！, [""Manual03_0"", ""Manual03_1"", ""Manual03_2"", ""Manual03_3"", ""Manual03_4"", ""Manual03_5""]"
105,"您好！很高兴为您解答关于空气净化器脚轮安装的问题哦。\n\n根据官方手册的说明，脚轮安装的步骤如下：\n\n# 脚轮安装（可选）\n1 空气净化器包装盒内有一小盒，内含 4 个脚轮和 8 颗螺丝。\n2 用螺丝刀拆下空气净化器底部四个底座。\n3 每个脚轮用两颗螺丝替换原底座。\n4 保留拆下的底座和螺丝以备后续使用。\n注意 若滤盒内无脚轮盒，请联系客服。\n\n希望以上解答能够帮到您，若有任何不明白的地方，随时欢迎您再来咨询哦！祝您生活愉快！ 请参考以下相关插图：<PIC>, [""Manual03_6"", ""Manual03_7"", ""Manual03_8""]"
106,"您好！很高兴为您解答关于空气净化器模式的问题哦。根据官方手册，空气净化器主要有以下几种模式，它们的设置方法和特点如下：\n\n**1. 常规运行模式**\n- **设置方法**：按下启动键开机，然后按控制面板上的上下键选择所需风速，可在1档（F1）至18档（F18）之间调节。\n- **特点**：这是最基础的运行模式，您可以根据需要自由调节风速档位，非常灵活哦。\n<PIC>\n\n**2. 涡轮风扇运行模式**\n- **设置方法**：在常规运行模式下，同时长按控制面板上的上下键3秒，即可启动涡轮风扇运行。要停止时，按下控制面板下键，风速将调至18档，涡轮风扇运行停止。\n- **特点**：涡轮模式可更快净化室内空气，适合需要快速改善空气质量时使用。即使切换至其他运行模式或停止当前运行，返回常规运行后可再次启动涡轮风扇运行。\n<PIC>\n\n**3. 自动关机模式**\n- **设置方法**：通过控制面板设置自动关机时间（具体设置步骤请参考手册中的详细说明）。\n- **特点**：自动关机模式下净化器将自动关机。若断电，预设自动关机时间将取消，需重新设置。\n<PIC>\n\n希望以上解答能够帮到您，若有任何不明白的地方，随时欢迎您再来咨询哦！祝您生活愉快！, [""Manual03_14"", ""Manual03_16"", ""Manual03_19""]"
107,"您好！很高兴为您解答关于空气净化器室内空气质量指示灯的问题哦。\n\n根据官方手册中的说明，室内空气质量指示灯是用来实时查看室内空气质量的，它通过灯光形式环绕在显示屏外缘，设备会根据检测到的细颗粒物浓度来显示空气状态。具体内容如下：\n\n# 室内空气质量（IAQ）指示灯 可通过室内空气质量指示灯实时查看室内空气质量。该指示灯以灯光形式环绕显示屏外缘。设备根据检测到的细颗粒物浓度显示空气质量。传感器检测室内空气质量，设备通过四种不同颜色显示空气状态。 空气质量状态  <PIC>  注意 在室外空气可进入的环境（如门口、通风口、窗户等），室内空气质量可能显示为更清洁的等级。室内空气质量指示灯可能对部分颗粒物无反应，读数可能与其他空气质量检测设备不同。\n\n希望以上解答能够帮到您，若有任何不明白的地方，随时欢迎您再来咨询哦！祝您生活愉快！, [""Manual03_20""]"
108,您好！很高兴为您解答关于空气净化器清洁的问题哦。\n\n关于如何清洁设备内外，官方手册中是这样说明的：\n\n# 如何清洁设备内外\n清洁前请务必拔下电源插头。\n注意\n为保证最佳效果，每月清洁 1-2 次净化器。灰尘较多的地区建议增加清洁频率。\n1 用温水或温和清洁剂浸湿的布擦拭净化器外壳，再用软布擦干。\n2 打开背部滤网盖并取出滤网。用吸尘器和湿毛巾清洁滤网仓内部。\n3 每月清洁设备及预过滤网 1-2 次。\n\n另外，清洁时也请注意以下温馨提醒哦：\n# 清洁时\n注意\n使用柔软干布及温和清洁剂清洁设备。请勿通电清洁，以免导致触电或故障。使用前请拆除滤网上的塑料包装。\n注意\n请将塑料包装远离儿童，以防窒息。\n\n希望以上解答能够帮到您，若有任何不明白的地方，随时欢迎您再来咨询哦！祝您生活愉快！
109,您好！很高兴为您解答关于空气净化器滤网清洁的问题哦。\n\n根据官方手册的说明，清洁滤网时请参考以下步骤和注意事项：\n\n首先，清洁前请务必拔下电源插头，确保安全哦。\n\n关于滤网清洁，手册中是这样说明的：\n\n> # 滤网清洁\n> 1 若滤网过脏请直接更换。滤网污染程度因使用环境和运行时长而异，清洁时间相应调整。\n> 2 更换滤网期间，可用吸尘器或软刷清洁预过滤网。\n>  禁止 切勿用水清洗滤网。\n\n另外，关于设备整体的清洁，手册也提到：\n\n> # 如何清洁设备内外\n> 清洁前请务必拔下电源插头。\n> 注意 为保证最佳效果，每月清洁 1-2 次净化器。灰尘较多的地区建议增加清洁频率。\n> 1 用温水或温和清洁剂浸湿的布擦拭净化器外壳，再用软布擦干。\n> 2 打开背部滤网盖并取出滤网。用吸尘器和湿毛巾清洁滤网仓内部。\n> 3 每月清洁设备及预过滤网 1-2 次。\n\n同时，手册还温馨提醒：\n> # 清洁时\n> 注意 使用柔软干布及温和清洁剂清洁设备。请勿通电清洁，以免导致触电或故障。使用前请拆除滤网上的塑料包装。\n> 注意 请将塑料包装远离儿童，以防窒息。\n\n希望以上解答能够帮到您，若有任何不明白的地方，随时欢迎您再来咨询哦！祝您生活愉快！
110,"您好！很高兴为您解答关于空气净化器滤网更换的问题哦。\n\n为您查到，官方手册中是这样说明的：\n\n# 更换滤网\n1 需更换滤网时，滤网更换指示灯将亮起红色。每 6-12 个月更换一次滤网（滤网安装详见第 4 页）。\n2 更换滤网后重置指示灯。长按控制面板上的睡眠 + 自动键 5 秒以上重置指示灯。\n<PIC>\n注意 滤网寿命取决于使用环境。\n\n希望以上解答能够帮到您，若有任何不明白的地方，随时欢迎您再来咨询哦！祝您生活愉快！, [""Manual03_21""]"
111,"您好！很高兴为您解答关于清洁空气净化器灰尘传感器的问题哦。\n\n根据官方手册，清洁灰尘传感器的步骤如下：\n\n# 灰尘传感器清洁 1 双手握住设备上盖并向上拉起。 <PIC>  2 握住背部滤网盖把手并向前拉出。 <PIC>  3 拆下设备右侧灰尘传感器盖。 <PIC>  4 用蘸少量水的棉签擦拭灰尘传感器镜头和进风口，再用干净干棉签彻底擦干。 <PIC>  5 装回灰尘传感器盖。装回滤网盖。将设备上盖标识朝前装回。\n\n另外，温馨提醒您，请勿使用丙酮、酒精等强腐蚀性化学试剂擦拭传感器部件，以免损坏镜头哦。遮盖设备并存放在干燥、无阳光直射的地方。\n\n希望以上解答能够帮到您，若有任何不明白的地方，随时欢迎您再来咨询哦！祝您生活愉快！, [""Manual03_22"", ""Manual03_23"", ""Manual03_24"", ""Manual03_25""]"
112,您好！很高兴为您解答关于空气净化器长期存放的问题哦。\n\n根据官方手册的说明，长期存放空气净化器时，建议您按照以下步骤操作：\n\n1. 在晴天运行设备 1 小时，然后拔下电源插头，晾干设备内部。\n2. 用遮盖物盖好设备，并存放在干燥、无阳光直射的地方。\n\n希望以上解答能够帮到您，若有任何不明白的地方，随时欢迎您再来咨询哦！祝您生活愉快！
113,您好！很高兴为您解答关于健身单车技术规格的问题哦。\n\n为您查到，关于这款健身单车的技术规格，官方手册中是这样说明的：\n\n# 技术规格\n\n希望以上解答能够帮到您，若有任何不明白的地方，随时欢迎您再来咨询哦！祝您生活愉快！
114,"您好！很高兴为您解答关于启动健身单车前的准备工作哦。根据官方手册，启动前您需要完成以下检查和准备步骤，确保安全使用呢：\n\n首先，请务必完成机器的最终检查，确保所有配件紧固、部件装配正确，并在手册首页指定位置记录序列号。在本机完全装配并按照用户手册检查性能正常前，请勿使用或投入使用哦！\n\n其次，使用前请调节单车水平：后稳定器两侧配有水平调节脚，旋转旋钮调节稳定器脚垫，运动前确保单车水平、稳固。\n\n<PIC>\n\n另外，装配前请选择坚固、水平的放置区域，运动区域最小预留空间为2.3米 × 1.8米（90英寸 × 70英寸），以确保安全运行哦。\n\n<PIC>\n\n最后，请务必阅读并理解手册中的安全警告，包括：开始运动计划前咨询医生、检查零件是否松动或磨损、确保最大使用者重量不超过136千克（300磅）、机器两侧至少预留0.6米（24英寸）空间等。踏上脚踏板前确保其稳定，上下机器时请小心哦。\n\n希望以上解答能够帮到您，若有任何不明白的地方，随时欢迎您再来咨询哦！祝您生活愉快！, [""Manual14_17"", ""Manual14_3""]"
115,"您好！很高兴为您解答关于这款健身单车控制台和显示功能的问题哦！\n\n根据官方手册，这款健身单车的控制台功能非常丰富呢。首先，控制台可以显示多种运动数据，比如时间、距离、卡路里、速度、转速和心率等，并且支持通过左（◀）或右（▶）按钮手动切换不同的数据通道哦。\n\n关于用户档案，控制台支持保存多个用户档案，所有运动数据都会自动保存到对应的档案中。您可以在开机模式界面，通过按增加（♠）或减少（▼）按钮选择用户档案，然后按确认键进入编辑，可以设置姓名、年龄、体重、身高和性别等信息，以获得更准确的卡路里和心率数据呢。\n\n此外，控制台还提供了多种预设运动程序，比如“轻松骑行”、“山地”和“挑战”类别，每个类别下都有不同的运动路线，例如“起伏山丘”、“公园骑行”、“派克峰”等，这些程序会自动控制阻力和运动等级，让您的锻炼更有趣哦。\n\n控制台还支持目标追踪统计功能，可以查看您的运动历史数据，包括最近7天的卡路里消耗和运动总计，甚至还能计算身体质量指数（BMI）呢。您还可以将统计数据保存到U盘，方便记录和分析。\n\n另外，控制台设置模式允许您调整日期、时间、计量单位（英制或公制）、机器类型（单车或椭圆机）以及声音开关等，非常贴心哦。\n\n希望以上介绍能让您对这款健身单车的控制台和显示功能有更清晰的了解！若有任何不明白的地方，随时欢迎您再来咨询哦！祝您生活愉快！ 请参考以下相关插图：<PIC>, [""Manual14_10"", ""Manual14_33"", ""Manual14_34""]"
116,"您好！很高兴为您解答关于健身单车运动前调整的问题哦。\n\n为了确保您在运动中的舒适度与效率，并降低受伤风险，官方手册中特别强调了座椅位置的调节。请您参考以下说明：\n\n**座椅调节**\n正确的座椅位置可提升运动效率与舒适度，降低受伤风险。\n1. 将脚踏板转到前位，脚掌中心对准脚踏板中心。膝盖应保持微弯。\n2. 如腿部过直或脚无法踩到脚踏板，将立式单车座椅调低。如膝盖弯曲过度，将座椅调高。调节座椅前请先下车。\n！松开并拉出座管上的调节旋钮，将座椅调至所需高度，松开旋钮使锁销卡入。确保锁销完全卡入并拧紧旋钮。\n <PIC>  请勿将座管调节到高于管上的限位标记（STOP）。！\n\n另外，**脚部姿势/脚踏绑带调节**也很重要哦：\n带绑带的脚踏板可提供稳固支撑。\n1. 将脚掌中心放在脚踏板上。\n2. 转动脚踏板至可触及位置。\n3. 将绑带固定在鞋面上。\n\n希望以上解答能够帮到您，若有任何不明白的地方，随时欢迎您再来咨询哦！祝您生活愉快！, [""Manual14_24""]"
117,"您好！很高兴为您解答关于健身单车轻松骑行类别预设程序的问题哦。\n\n根据官方手册，在“轻松骑行”类别中，您能体验到以下预设运动程序：\n\n- **起伏山丘**\n  <PIC>\n- **公园骑行**\n  <PIC>\n- **轻松之旅**\n  <PIC>\n\n希望以上解答能够帮到您，若有任何不明白的地方，随时欢迎您再来咨询哦！祝您生活愉快！, [""Manual14_27"", ""Manual14_28"", ""Manual14_29""]"
118,"您好！很高兴为您解答关于健身单车山地类别预设运动程序的问题哦。\n\n根据官方手册，山地类别中为您准备了以下精彩的预设运动程序，您可以尽情体验不同的骑行挑战呢：\n\n- **派克峰** <PIC>\n- **胡德山** <PIC>\n- **金字塔** <PIC>\n\n这些程序会自动控制不同的阻力和运动等级，让您仿佛置身于真实的山地骑行环境中，感受爬坡与下坡的乐趣哦！\n\n希望以上解答能够帮到您，若有任何不明白的地方，随时欢迎您再来咨询哦！祝您生活愉快！, [""Manual14_30"", ""Manual14_31"", ""Manual14_32""]"
119,"您好！很高兴为您解答关于健身单车挑战类别的问题哦！\n\n根据官方手册中的说明，挑战类别中包含了以下预设运动程序，您可以体验到它们带来的不同运动感受哈：\n\n挑战\n <PIC>  上坡冲刺\n <PIC>  交叉训练\n <PIC>  间歇训练\n\n希望以上解答能够帮到您，若有任何不明白的地方，随时欢迎您再来咨询哦！祝您生活愉快！, [""Manual14_33"", ""Manual14_34"", ""Manual14_35""]"
120,"您好！很高兴为您解答关于编辑健身单车用户档案的问题哦。\n\n根据官方手册，编辑用户档案的步骤如下：\n\n1. 在开机模式界面，按增加（♠）或减少（▼）按钮选择一个用户档案。\n2. 按确认按钮选择用户档案。\n3. 控制台显示编辑提示和当前用户档案名称。按确认键开始编辑用户档案选项。如需退出编辑用户档案选项，按暂停/结束按钮，控制台返回开机模式界面。\n4. 控制台显示姓名提示和当前用户档案名称。注：首次编辑时用户姓名为空。用户档案名称限制为 10 个字符。当前激活段闪烁。使用增加/减少按钮浏览字母和空格（位于 A 和 Z 之间）。按左（◀）或右（▶）按钮切换段。按确认按钮接受显示的用户名。\n5. 编辑其他用户数据（编辑年龄、编辑体重、编辑身高、编辑性别），使用增加/减少按钮调节，每项设置完成后按确认键。\n6. 控制台显示扫描提示。此选项控制运动中运动数据的显示方式。“关闭”设置允许用户按需按左（◀）或右（▶）按钮查看其他运动数据通道。“开启”设置允许控制台每 6 秒自动切换显示运动数据通道。默认为“关闭”。按确认按钮设置运动数据显示方式。\n7. 控制台显示编辑下部显示提示。此选项允许自定义运动中显示的运动数据。下部显示区将显示所有运动数据，激活数据闪烁。上部显示区显示激活值设置：“开启”或“关闭”。按增加（♠）或减少（▼）按钮隐藏激活运动数据，按左（◀）或右（▶）按钮切换激活值。注：如需显示隐藏的运动数据，重复操作并将上部显示区数值改为“开启”。自定义下部显示完成后，按确认键设置。\n <PIC> \n8. 控制台返回已选择用户的开机模式界面。\n\n希望以上解答能够帮到您，若有任何不明白的地方，随时欢迎您再来咨询哦！祝您生活愉快！, [""Manual14_26""]"
121,"您好！很高兴为您解答关于健身单车心率目标设置的问题哦。\n\n根据您的问题，我为您查到了官方手册中关于心率控制（HRC）运动程序的详细说明，其中包含了根据年龄推荐目标心率区间的信息呢。以下是手册中的相关原文段落：\n\n# 心率控制（HRC）运动程序 心率控制（HRC）程序可设置运动心率目标。程序通过本机接触式心率（CHR）传感器监测心率（次/分钟，BPM），调整运动强度以保持心率在所选区间。注：控制台必须能从接触式心率（CHR）传感器读取心率信息，心率控制程序才能正常工作。目标心率程序使用您的年龄和其他用户信息设置心率区间值。控制台显示屏将提示设置运动：1. 选择心率控制运动等级：初级（BEG）或高级（ADV），然后按确认键。2. 按增加（♠）或减少（▼）按钮选择最大心率百分比：50–60%、60–70%、70–80%、80–90%。80–90% 心率区间运动前请咨询医生。3. 按增加（♠）或减少（▼）按钮选择目标类型，然后按确认键。4. 按增加（♠）或减少（▼）按钮设置运动目标值。注：设置目标时请留出时间让心率达到目标区间。5. 按确认键开始运动。\n\n此外，手册中还提供了心率计算的相关指导，帮助您理解如何根据年龄估算目标心率哦：\n\n# 心率计算 最大心率通常从儿童时期的 220 次/分钟（BPM）降至 60 岁时约 160 次/分钟。心率下降通常呈线性，每年约下降 1 次/分钟。无证据表明训练会影响最大心率下降。同龄人的最大心率可能不同。通过压力测试比年龄公式更准确。静息心率受耐力训练影响。普通成年人静息心率约 72 次/分钟，训练有素的跑步者可能低至 40 次/分钟或更低。心率表为燃脂和改善心血管系统的有效心率区间（HRZ）估算值。身体状况因人而异，您的个人心率区间可能与表中数值相差数次。运动中燃脂的最有效方法是慢速起步，逐渐增加强度，直至心率达到最大心率的 50–70%，保持该速度并将心率维持在目标区间 20 分钟以上。维持目标心率时间越长，身体燃脂越多。图表为基于年龄的通用建议目标心率简要指南。如前所述，您的最佳目标心率可能更高或更低。请咨询医生获取个人目标心率区间。注：与所有运动和健身计划一样，增加运动时间或强度时请谨慎判断。燃脂目标心率\n\n<PIC>\n\n希望以上解答能够帮到您哦！您可以根据自己的年龄，使用“220 - 年龄”的公式估算最大心率，然后选择 50–60%、60–70% 等百分比区间作为目标。不过，开始任何运动计划前，建议先咨询医生，确保安全呢。若有任何不明白的地方，随时欢迎您再来咨询哦！祝您生活愉快！, [""exercise_bikes_02""]"
122,"您好！很高兴为您解答关于健身单车体能测试程序的问题哦！\n\n关于这个功能，官方手册中是这样说明的：\n\n体能测试可评估体能水平提升。测试将功率输出（瓦特）与心率对比。体能提升后，相同心率下功率输出将增加。注：控制台必须能从接触式心率（CHR）传感器或心率监测仪（HRM）读取心率信息才能正常工作。可从反馈类别开始体能测试。体能测试程序首先提示选择体能水平——初级（BEG）或高级（ADV）。控制台将使用所选用户档案的年龄和体重计算体能得分。开始运动并握住心率传感器。测试开始后，运动强度逐渐增加，心率随之上升。强度持续自动增加，直至心率达到“测试区间”。该区间根据用户档案最大心率的 75% 单独计算。达到测试区间后，机器保持强度稳定 3 分钟，使您进入稳定状态（心率平稳）。3 分钟结束时，控制台测量心率和功率输出。结合年龄和体重信息计算得出“体能得分”。注：体能测试得分仅用于与自身历史得分对比，不与其他用户档案对比。对比得分查看体能提升。\n\n简单来说，这个程序会通过逐步增加运动强度，监测您的心率变化，来评估您的体能水平哦。而且每次测试的得分只和您自己之前的成绩对比，这样就能很直观地看到自己的进步啦！\n\n希望以上解答能够帮到您，若有任何不明白的地方，随时欢迎您再来咨询哦！祝您生活愉快！ 请参考以下相关插图：<PIC>, [""Manual14_36"", ""Manual14_33"", ""Manual14_34""]"
123,"您好！很高兴为您解答关于电钻充电的问题哦。根据官方手册，充电步骤如下，请您参考哈：\n\n# 充电步骤（图1）  \n1. 插入电池组前，先将充电器插入合适的插座。  \n2. 如图1所示，将电池组（K）插入充电器，确保电池组完全就位。红色（充电）指示灯持续闪烁，表示充电过程已开始。  \n   <PIC>  \n3. 红色指示灯常亮表示充电完成。电池组已充满电，此时可使用或留在充电器中。\n\n希望以上解答能够帮到您，若有任何不明白的地方，随时欢迎您再来咨询哦！祝您生活愉快！, [""Manual11_2""]"
124,"您好！很高兴为您解答关于DCB101型号电钻充电器指示灯闪烁含义的问题哦。\n\n根据官方手册的说明，DCB101充电器的指示灯工作状态如下，请您对照查看哈：\n\n电池组充电中 <PIC>\n电池组已充满 <PIC>\n过热/过冷延迟 <PIC>\n电池组或充电器故障 <PIC>\n电源故障 <PIC>\n\n另外，关于您提到的闪烁情况，手册中还特别提到：\n- 当充电器与发电机等便携式电源或直流转交流电源配合使用时，充电器可能暂时停止工作，红色指示灯快速闪烁两次后暂停。这表示电源超出允许范围。\n- 在过热/过冷延迟模式下，红色指示灯长闪后短闪。\n\n希望以上解答能够帮到您，若有任何不明白的地方，随时欢迎您再来咨询哦！祝您生活愉快！, [""drill0_08"", ""drill0_09"", ""drill0_10"", ""drill0_11"", ""drill0_12""]"
126,"您好！很高兴为您解答关于电钻单套无键夹头的安装问题哦。\n\n根据官方手册的说明，安装钻头或其他附件时，请遵循以下步骤，非常简单的呢：\n\n1. 关闭工具并断开工具电源。  \n  <PIC>  \n2. 一只手握住夹头黑色套筒，另一只手固定工具。逆时针旋转套筒至足够大，装入所需附件。  \n  <PIC>  \n3. 将附件插入夹头约3/4英寸（19毫米），一只手顺时针旋转夹头套筒紧固，另一只手握住工具。您的工具配有自动主轴锁定机构，可单手开合夹头。务必一只手握住夹头套筒、另一只手握住工具，以达到最大紧固度。\n\n另外，拆卸附件时，重复上述步骤1和2即可哦。\n\n希望以上解答能够帮到您，若有任何不明白的地方，随时欢迎您再来咨询哦！祝您生活愉快！, [""drill0_01"", ""drill0_02""]"
127,"您好！很高兴为您解答关于电钻电池组安装与拆卸的问题哦。根据官方手册的说明，以下是具体的操作步骤，请您参考哈：\n\n**电池组的安装与拆卸（图6）**\n\n注：为获得最佳效果，确保电池组充满电。\n\n- **安装电池组**：将电池组（K）对准工具手柄内导轨，滑入手柄直至电池组牢固就位且不会松脱。\n- **拆卸电池组**：按下释放按钮（J），将电池组从工具手柄中平稳拔出。\n- **充电**：按照本手册充电器部分所述插入充电器。\n\n<PIC>\n\n希望以上解答能够帮到您，若有任何不明白的地方，随时欢迎您再来咨询哦！祝您生活愉快！, [""Manual11_8""]"
128,"您好！很高兴为您解答关于电钻腰带挂钩和批头夹使用注意事项的问题哦。\n\n根据官方手册中的说明，使用腰带挂钩和批头夹时，需要特别注意以下几点，请您务必留意哈：\n\n**警告：为降低严重人身伤害风险，**\n**调整或拆卸/安装附件前，关闭工具并取下电池组。**\n**意外启动可能导致受伤。**\n<PIC>\n\n**警告：为降低严重人身伤害风险，**\n**不要将工具悬挂在高处，或在腰带挂钩上悬挂物体。**\n**仅将工具腰带挂钩挂在工作腰带上。**\n\n**警告：为降低严重人身伤害风险，**\n**确保固定腰带挂钩的螺钉紧固。**\n**重要：安装或更换腰带挂钩或批头夹（批头夹另售）时，仅使用随附的螺钉（H）。务必拧紧螺钉。**\n\n另外，腰带挂钩（G）和批头夹（I）可使用随附螺钉（H）安装在工具任意一侧，适配左手或右手用户。如果不需要挂钩或批头夹，可从工具上取下。移动腰带挂钩或批头夹时，取下固定螺钉（H），然后重新安装在另一侧。务必拧紧螺钉哦。\n<PIC>\n\n希望以上解答能够帮到您，若有任何不明白的地方，随时欢迎您再来咨询哦！祝您生活愉快！, [""Manual11_7"", ""drill0_14""]"
129,"您好！很高兴为您解答关于电钻附件的问题哦。\n\n根据官方手册中的说明，关于附件配备，有以下温馨提醒：\n\n<PIC>\n警告：由于制造商提供的附件以外的其他附件未通过本产品测试，使用此类附件可能存在危险。为降低受伤风险，本工具仅应使用制造商推荐的附件。\n\n所以，为了您的安全，建议您只使用制造商推荐的附件哦。具体哪些附件是官方推荐的呢？通常包括钻头、批头、腰带挂钩、批头夹等，这些在手册中都有详细说明。如果您需要了解特定附件的安装或使用步骤，随时可以再问我哦！\n\n希望以上解答能够帮到您，若有任何不明白的地方，随时欢迎您再来咨询哦！祝您生活愉快！, [""Manual11_9""]"
130,您好！很高兴为您解答关于电钻三年有限保修的问题哦。\n\n根据官方手册中的说明，关于电钻的保修，是这样描述的：\n\n# 三年有限保修  除保修外，工具还享有：\n\n希望以上解答能够帮到您，若有任何不明白的地方，随时欢迎您再来咨询哦！祝您生活愉快！
131,"您好！很高兴为您解答关于健身追踪器包装盒内物品的问题哦。\n\n根据官方手册的说明，您的健身追踪器包装盒内包含以下物品：\n\n配有小号表带的手表（颜色和材质仅供参考）\n <PIC> 充电线\n <PIC> 额外大号表带\n <PIC> 健身追踪器的可拆卸表带提供多种颜色和材质，需单独购买。\n\n希望以上解答能够帮到您，若有任何不明白的地方，随时欢迎您再来咨询哦！祝您生活愉快！, [""fitness_trackers_01"", ""fitness_trackers_02"", ""fitness_trackers_03""]"
132,"您好！很高兴为您解答关于健身追踪器充电的问题哦。\n\n为您查到，关于如何为健身追踪器充电，官方手册中是这样说明的：\n\n# 为手表充电\n充满电的健身追踪器续航时间可达6天以上。电池续航和充电周期随使用情况及其他因素而异；实际结果可能有所不同。\n\n为健身追踪器充电：\n1. 将充电线插入电脑的USB端口、UL认证的USB墙充充电器或其他低功耗充电设备。\n2. 将充电线的另一端靠近手表背面的充电接口，直至磁吸吸附。确保充电线上的金属触点与手表背面的接口对齐。\n\n <PIC>\n\n为健身追踪器充电12分钟即可续航24小时。手表充电时，轻点屏幕两次或按下按钮即可点亮屏幕。完全充满电大约需要1-2小时。\n\n <PIC>\n\n希望以上解答能够帮到您，若有任何不明白的地方，随时欢迎您再来咨询哦！祝您生活愉快！, [""Manual16_1"", ""Manual16_2""]"
133,"您好！很高兴为您解答关于健身追踪器佩戴位置的问题哦。为了让设备性能更佳，日常佩戴和运动时的位置确实有些小讲究呢，官方手册中是这样说明的：\n\n**日常佩戴与运动佩戴位置**\n不运动时，将健身追踪器佩戴在腕骨上方一指宽的位置。\n一般来说，长时间佩戴后，定期取下手表休息约一小时始终很重要。我们建议洗澡时取下手表。虽然你可以戴着手表洗澡，但取下可减少接触肥皂、洗发水和护发素的可能性，这些物品可能会对手表造成长期损坏，并可能引起皮肤刺激。\n <PIC>   为优化运动时的心率监测：\n· 运动时，可将表带向上移动以获得更贴合的佩戴效果。如感到不适，请松开表带；若不适持续，请取下手表让手腕休息。\n <PIC>   · 将手表戴在手腕正面，确保设备背面与皮肤接触。\n\n希望以上解答能够帮到您，若有任何不明白的地方，随时欢迎您再来咨询哦！祝您生活愉快！, [""Manual16_4"", ""Manual16_5""]"
134,"您好！很高兴为您解答关于健身追踪器表带扣紧的问题哦。表带太紧确实会影响佩戴舒适度，我来帮您看看官方手册中的说明哈。\n\n根据手册中的“扣紧表带”部分，正确的扣紧步骤如下：\n\n1. 将健身追踪器戴在手腕上。\n2. 将底部表带穿入顶部表带的第一个环扣。\n <PIC>   3. 收紧表带至舒适贴合，将表扣钉按入表带上的其中一个孔。如果使用小号表带的最后两个孔，我们建议更换为大号表带以获得更稳固的佩戴效果。\n操作说明请参阅下一页“更换表带”。\n <PIC>   4. 将表带的松散端穿入第二个环扣，使其平整贴在手腕上。确保表带不要过紧。佩戴时应留有空隙，可在手腕上轻微移动。\n <PIC>\n\n特别提醒您哦，佩戴时一定要留出一点空隙，让表带可以在手腕上轻微移动，这样既舒适又不会太紧呢。如果小号表带的最后两个孔都感觉紧，建议您更换为大号表带，包装盒内附有额外的大号底部表带哦。\n\n希望以上解答能够帮到您，若有任何不明白的地方，随时欢迎您再来咨询哦！祝您生活愉快！, [""Manual16_6"", ""Manual16_7"", ""Manual16_8""]"
135,"您好！很高兴为您解答关于如何拆卸健身追踪器表带的问题哦。\n\n根据官方手册的说明，拆卸表带的步骤如下，请您参考：\n\n# 拆卸表带 1. 将健身追踪器翻面，找到表带卡扣。\n <PIC>   2. 松开卡扣，将扁平按钮向表带方向滑动。\n3. 轻轻将表带从手表上拔下松开。\n <PIC>   4. 另一侧重复操作。\n\n希望以上解答能够帮到您，若有任何不明白的地方，随时欢迎您再来咨询哦！祝您生活愉快！\n\n<PIC>\n<PIC>\n<PIC>, [""Manual16_9"", ""Manual16_10"", ""Manual16_9"", ""Manual16_10"", ""Manual16_11""]"
136,"您好！很高兴为您解答关于健身追踪器操作的问题哦！根据官方手册，操作健身追踪器非常简单，具体步骤如下：\n\n健身追踪器配备彩色AMOLED触摸屏和1个按钮。通过轻点屏幕、左右上下滑动或按下按钮操作健身追踪器。为节省电量，不使用时手表屏幕会熄灭，除非您开启常亮显示设置。如需更多信息，请参阅第23页“调整常亮显示”。\n\n另外，基础操作中还有更详细的说明呢：\n主屏幕为时钟界面。\n· 向下滑动查看快捷设置\n· 向上滑动查看通知。\n· 左右滑动查看功能卡片。\n <PIC>   · 按下按钮打开应用菜单或返回时钟界面。 · 长按时钟界面可切换已保存的表盘。\n\n希望以上解答能够帮到您，若有任何不明白的地方，随时欢迎您再来咨询哦！祝您生活愉快！, [""Manual16_12""]"
137,"您好！很高兴为您解答关于健身追踪器与手机通知功能的问题哦。\n\n根据官方手册，健身追踪器可以显示手机的来电、短信、日历和应用通知，让您随时掌握信息。具体功能说明如下：\n\n**手机通知**\n健身追踪器可显示手机的来电、短信、日历和应用通知，让你随时掌握信息。保持手表与手机距离在30英尺以内即可接收通知。\n\n此外，您还可以在健身追踪器上查看和管理通知，具体操作包括：\n- 收到通知时手表会震动，如未及时查看，可稍后在时钟界面向上滑动，或双击按钮并点击通知图标查看。\n <PIC>\n- 健身追踪器最多可存储30条通知，超出后新通知会替换最早的通知。\n- 管理通知：在时钟界面向上滑动查看通知，点击任意通知展开；删除单条通知可点击展开并滑动至底部点击清除；一次性删除所有通知则向上滑动至通知底部，点击全部清除；退出通知界面只需按下按钮或向下滑动。\n\n希望以上解答能够帮到您，若有任何不明白的地方，随时欢迎您再来咨询哦！祝您生活愉快！, [""Manual16_28""]"
138,"您好！很高兴为您解答关于健身追踪器如何追踪皮肤温度变化的问题哦。\n\n根据官方手册的说明，健身追踪器是通过以下方式追踪皮肤温度变化的呢：\n\n**追踪皮肤温度变化** 健身追踪器每晚记录你的皮肤温度，显示与个人基准的差异，帮你识别身体变化。了解夜间皮肤温度变化有助掌握身体状况、发现趋势。\n查看夜间睡眠皮肤温度变化：打开手机上的健身追踪器应用。在今日页面，点击温度卡片。\n <PIC>   昨晚比基准低-0.2°F 你会看到皮肤温度变化图表，以及你手动记录的任何核心温度读数。\n <PIC>   注意：必须佩戴健身追踪器睡觉3晚才能看到个人皮肤温度基准。\n\n简单来说，您需要佩戴健身追踪器睡觉，它会自动记录您夜间的皮肤温度，并与您个人的基准值进行对比，从而显示变化趋势哦。记得要连续佩戴至少3晚，才能看到个人基准数据呢。\n\n希望以上解答能够帮到您，若有任何不明白的地方，随时欢迎您再来咨询哦！祝您生活愉快！, [""Manual16_35"", ""Manual16_36""]"
139,"您好！很高兴为您解答关于健身追踪器如何通过运动应用追踪和分析运动情况的问题哦。\n\n根据官方手册中的说明，健身追踪器通过运动应用可以非常方便地追踪您的运动，并查看实时数据呢。以下是具体的操作步骤和说明：\n\n在健身追踪器上通过运动应用追踪特定运动，查看实时数据，包括心率、消耗卡路里、耗时和手腕上的运动后摘要。查看完整运动数据，如使用GPS还可查看运动强度地图，请点击健身追踪器应用中的运动卡片。\n\n追踪运动：\n1. 在健身追踪器上，打开运动应用并滑动找到运动类型。最近使用的运动显示在顶部。点击其他运动查看完整列表。你还可以让Alexa打开运动应用或开始追踪运动。\n如需更多信息，请参阅第30页“与语音助手交互”。\n2. 点击选择运动。如运动使用GPS，可等待信号连接，或开始运动，GPS会在信号可用时自动连接。注意：GPS连接可能需要几分钟。\n3. 点击播放图标开始运动，或向上滑动选择运动目标或调整设置。有关设置的更多信息，请参阅对页“自定义运动设置”。\n4. 点击或滑动大数值数据滚动查看实时数据。暂停运动：按下按钮或向上滑动点击暂停图标。再次按下按钮或点击继续图标恢复运动。\n5. 运动结束后，向上滑动点击结束。显示运动摘要。\n6. 点击继续恢复运动，点击新运动开始新运动，或点击完成关闭摘要界面。\n\n此外，健身追踪器还可以自动识别并记录许多持续至少15分钟的高强度活动哦。在手机健身追踪器应用中查看活动基本数据。在今日页面，点击运动卡片，选择开启步行、跑步或骑行检测，当手表识别到步行、跑步和骑行时自动启动运动应用。开启此设置：\n1. 打开运动应用\n <PIC>   \n 2. 点击步行、跑步或骑行选项。\n3. 向上滑动并开启步行检测、跑步检测或骑行检测。下次手表检测到该运动类型时，运动应用会自动打开。\n\n希望以上解答能够帮到您，若有任何不明白的地方，随时欢迎您再来咨询哦！祝您生活愉快！, [""Manual16_41""]"
140,"您好！很高兴为您解答关于健身追踪器如何测量心率的问题哦。\n\n为您查到，官方手册中是这样说明的：\n\n# 查看心率 健身追踪器使用心率储备（最大心率与静息心率之差）个性化设置你的心率区间。运动时在手表上查看心率和心率区间，帮你达成目标训练强度。进入心率区间时，健身追踪器会提醒你。\n <PIC>   自定义心率区间 你可以不使用这些心率区间，而是在健身追踪器应用中创建自定义区间，针对特定心率范围。\n\n简单来说，健身追踪器是通过手腕上的心率传感器来持续检测您的心跳信号，并结合您个人的心率储备（最大心率与静息心率的差值）来计算出您的心率数值和对应的运动区间哦。如果传感器暂时检测不到信号，屏幕上会显示虚线，这时您可以调整一下手表的佩戴位置，确保它与皮肤紧密接触，通常就能恢复正常检测啦。\n\n希望以上解答能够帮到您，若有任何不明白的地方，随时欢迎您再来咨询哦！祝您生活愉快！, [""Manual16_44""]"
141,"您好！很高兴为您解答关于如何使用健身追踪器完成消费支付的问题哦。\n\n根据官方手册的说明，您可以通过以下步骤在支持非接触式支付的商店轻松完成支付：\n\n首先，请确认商店的支付终端上显示以下标志，表示支持非接触式支付：\n<PIC>\n\n**对于澳大利亚以外的所有用户：**\n1. 打开手表上的钱包或健身追踪器支付应用。注意：可通过双击手表上的按钮快速访问支付应用哦。\n2. 如提示，输入4位手表PIN码。屏幕会显示您的默认卡。\n<PIC>\n3. **使用默认卡支付**：将手腕靠近支付终端即可。\n   **使用其他卡支付**：滑动屏幕找到要使用的卡，然后将手腕靠近支付终端。\n\n**对于澳大利亚用户：**\n1. 如持有澳大利亚银行的信用卡或借记卡，直接将手表靠近支付终端支付。如卡来自澳大利亚以外的银行，或希望使用非默认卡支付，请完成上述部分步骤1-3。\n2. 如提示，输入4位手表PIN码。\n3. 如消费金额超过100澳元，请按照支付终端上的说明操作。提示输入PIN码时，输入卡片的PIN码（非手表PIN码）。\n\n支付成功时，手表会震动并在屏幕上显示确认信息哦。如果支付终端未识别您的健身追踪器设备，请确保表盘靠近读取器，并告知收银员您使用非接触式支付。为增加安全性，使用非接触式支付时必须将健身追踪器戴在手腕上呢。\n\n希望以上解答能够帮到您，若有任何不明白的地方，随时欢迎您再来咨询哦！祝您生活愉快！, [""Manual16_46"", ""Manual16_47""]"
142,您好！很高兴为您解答关于健身追踪器使用中可能遇到的问题哦。\n\n根据官方手册，如果您遇到以下任何问题，可以尝试重启手表来解决呢：\n\n- 无法同步\n- 无法响应轻点、滑动或按钮操作\n- 无法追踪步数或其他数据\n- 无法显示通知\n\n操作说明请参阅第66页“重启Sense 2”。\n\n希望以上解答能够帮到您，若有任何不明白的地方，随时欢迎您再来咨询哦！祝您生活愉快！
144,"您好！很高兴为您解答关于健身追踪器设置设备锁的问题哦。\n\n为您查到，关于设置设备锁，官方手册中是这样说明的：\n\n# 设置设备锁 为保障手表安全，在健身追踪器应用中开启设备锁，解锁手表时需输入个人4位PIN码。如果你在手表上设置了非接触式支付，设备锁会自动开启，且必须设置密码。如不使用非接触式支付，设备锁为可选设置。\n在健身追踪器应用中开启设备锁或重置PIN码： 在健身追踪器应用的今日页面，点击左上角图标 > 健身追踪器卡片 , 设备锁。\n如需更多信息，请参阅相关帮助文章。\n\n希望以上解答能够帮到您，若有任何不明白的地方，随时欢迎您再来咨询哦！祝您生活愉快！ 请参考以下相关插图：<PIC>, [""Manual16_29"", ""Manual16_3"", ""Manual16_21""]"
145,"您好！很高兴为您解答关于冰箱冰柜使用注意事项的问题哦。根据官方手册，使用冰箱冰柜时需要注意的前五条内容如下：\n\n1. 本冰箱冰柜使用前必须按照安装说明正确安装与放置。\n2. 安装本冰箱冰柜前请参阅安装手册。\n3. 切勿拉扯电源线拔下冰箱冰柜插头。务必握紧插头，直接从插座拔出。\n4. 冰箱冰柜运行后，请勿触摸冷冻室低温表面，尤其是手部潮湿时。皮肤可能粘连在极冷表面。\n5. 清洁冰箱冰柜前请拔下电源插头。切勿损坏、过度弯折、拉扯或扭曲电源线，电源线损坏可能引发火灾或触电。切勿将玻璃制品放入冷冻室，内部液体结冰可能导致破裂。\n\n希望以上解答能够帮到您，若有任何不明白的地方，随时欢迎您再来咨询哦！祝您生活愉快！ 请参考以下相关插图：<PIC>, [""Manual17_23"", ""Manual17_25""]"
146,"您好！很高兴为您解答关于冰箱连接电源时的注意事项哦。根据官方手册，为您查到前五条需要特别注意的事项，请您参考哈：\n\n1.  **本冰箱冰柜使用前必须按照安装说明正确安装与放置。**\n2.  **安装本冰箱冰柜前请参阅安装手册。**\n3.  **切勿拉扯电源线拔下冰箱冰柜插头。务必握紧插头，直接从插座拔出。**\n4.  **冰箱冰柜运行后，请勿触摸冷冻室低温表面，尤其是手部潮湿时。皮肤可能粘连在极冷表面。**\n5.  **清洁冰箱冰柜前请拔下电源插头。切勿损坏、过度弯折、拉扯或扭曲电源线，电源线损坏可能引发火灾或触电。切勿将玻璃制品放入冷冻室，内部液体结冰可能导致破裂。**\n\n希望以上解答能够帮到您，若有任何不明白的地方，随时欢迎您再来咨询哦！祝您生活愉快！ 请参考以下相关插图：<PIC>, [""Manual17_4"", ""Manual17_1"", ""Manual17_25""]"
153,"您好！非常理解您对燃油安全问题的重视，这确实是使用发电机时最重要的事项之一哦。很高兴为您解答关于发电机燃油安全的问题呢。\n\n根据官方手册，关于燃油高度易燃且有毒的注意事项，有以下核心说明需要您特别注意：\n\n**燃油高度易燃且有毒**\n加油时务必关闭发动机。\n <PIC> 加油时严禁吸烟或靠近明火。\n <PIC> 加油时注意不要将燃油洒在发动机或消音器上。如不慎吞入燃油、吸入燃油蒸汽或燃油入眼，请立即就医。如燃油溅到皮肤或衣物上，请立即用肥皂水清洗并更换衣物。操作或运输发电机时，请务必保持机身直立。如发生倾斜，燃油可能从化油器或油箱泄漏。运输发电机时，请务必拧紧油箱盖通气旋钮。\n <PIC> \n\n另外，还有一条重要的补充说明：\n**警告**\n燃油高度易燃且有毒。加油前请仔细阅读第4页“安全信息”。切勿加注至燃油滤清器顶部以上，否则燃油受热膨胀后可能溢出。立即擦拭溢出的燃油。加油后务必拧紧油箱盖。\n <PIC> \n\n希望以上解答能够帮到您，若有任何不明白的地方，随时欢迎您再来咨询哦！祝您生活愉快！, [""generator_20"", ""generator_21"", ""generator_03"", ""generator_14""]"
154,"您好！非常理解您对安全问题的重视，很高兴为您解答关于发电机使用安全的问题哦。\n\n根据官方手册的说明，发动机和消音器在运行后温度极高，为了确保您的安全，请务必遵循以下温馨提醒：\n\n首先，请将发电机放置在行人或儿童不易触碰的地方，避免意外烫伤。\n <PIC> \n其次，运行时请避免在排气口附近放置任何易燃物品，以防引发火灾。\n <PIC> \n同时，请将发电机与建筑物或其他设备保持至少1米（3英尺）的距离，否则发动机可能因散热不良而过热。\n <PIC> \n另外，请避免在防尘罩覆盖下运行发动机，以免影响散热。\n <PIC> \n最后，搬运发电机时务必仅通过提手进行，切勿触碰高温部件哦。\n <PIC> \n\n希望以上解答能够帮到您，若有任何不明白的地方，随时欢迎您再来咨询哦！祝您生活愉快！, [""generator_04"", ""Manual18_8"", ""Manual18_9"", ""Manual18_10"", ""Manual18_11""]"
155,"您好！很高兴为您解答关于发电机安全使用的问题哦。防止触电事故非常重要，官方手册中特别强调了以下几点，请您务必注意哈：\n\n根据手册说明，防止触电的核心措施包括：\n\n# 防止触电\n切勿在雨雪中运行发动机。\n <PIC> 切勿湿手触碰发电机，否则会触电。\n <PIC> 务必对发电机进行接地。\n注：使用足够载流量的接地导线。\n <PIC> \n① 导线直径\n <PIC> \nAE00088\n\n另外，接线时也请务必注意：\n# 接线注意事项\n避免将发电机接入市电插座。\n避免将发电机与其他发电机并联使用。\n① 正确  — 错误\n <PIC>\n\n希望以上解答能够帮到您，若有任何不明白的地方，随时欢迎您再来咨询哦！祝您生活愉快！, [""Manual18_12"", ""Manual18_13"", ""Manual18_14"", ""Manual18_15"", ""Manual18_16""]"
156,"您好！很高兴为您解答关于发电机燃油开关旋钮的使用问题哦。\n\n根据官方手册的说明，当您需要通过燃油开关旋钮供油时，可以按照以下步骤操作：\n\n首先，找到发电机上的燃油开关旋钮。如果旋钮无法正常转动，您需要取下盖板①，内部可见燃油开关拨杆，使用该拨杆即可供油。\n\n<PIC> \n<PIC>\n\n希望以上解答能够帮到您，若有任何不明白的地方，随时欢迎您再来咨询哦！祝您生活愉快！, [""Manual18_19"", ""Manual18_20""]"
157,"您好！很高兴为您解答关于发电机燃油使用前检查的问题哦。\n\n根据官方手册中的说明，燃油的使用前检查非常重要，具体操作如下：\n\n首先，请确认油箱内燃油充足。推荐使用无铅汽油，油箱容量总计为2.5升（0.55英制加仑，0.66美制加仑）。\n<PIC>\n\n本发电机发动机设计使用泵法辛烷值((R+M)/2)86及以上或研究法辛烷值91及以上的普通无铅汽油。\n<PIC>\n\n另外，燃油高度易燃且有毒，加油时务必关闭发动机哦。\n<PIC> 加油时严禁吸烟或靠近明火。\n<PIC> 加油时注意不要将燃油洒在发动机或消音器上。如不慎吞入燃油、吸入燃油蒸汽或燃油入眼，请立即就医。如燃油溅到皮肤或衣物上，请立即用肥皂水清洗并更换衣物。操作或运输发电机时，请务必保持机身直立。如发生倾斜，燃油可能从化油器或油箱泄漏。运输发电机时，请务必拧紧油箱盖通气旋钮。\n<PIC>\n\n希望以上解答能够帮到您，若有任何不明白的地方，随时欢迎您再来咨询哦！祝您生活愉快！, [""generator_12"", ""generator_13"", ""generator_20"", ""generator_21"", ""generator_03""]"
158,"您好！很高兴为您解答关于启动发电机发动机的问题哦。\n\n为您查到，关于启动发动机的步骤，官方手册中是这样说明的：\n\n# 启动发动机\n <PIC>\n\n不过，为了确保发动机能够顺利启动，建议您先确认发动机机油处于机油加注口上限位置，必要时添加哦。因为发电机出厂时未加注发动机机油，必须加注机油，否则无法启动呢。\n\n希望以上解答能够帮到您，若有任何不明白的地方，随时欢迎您再来咨询哦！祝您生活愉快！, [""Manual18_24""]"
159,"您好！很高兴为您解答关于发电机连接交流电的安全问题哦。为了确保您的安全，请务必严格按照以下步骤操作，官方手册中是这样说明的：\n\n# 注意\n连接发电机前，务必确认所有电气设备（包括线路及插头连接）状态良好。插入插头前，务必关闭所有电气设备。务必确保总负载在发电机额定输出范围内。务必确保插座负载电流在插座额定电流范围内。\n\n1. 将电源线在提手上缠绕2至3圈。\n2. 启动发动机。\n3. 插入交流插座。\n <PIC>   4. 确认交流指示灯亮起。\n① 交流指示灯\n <PIC>   5. 将经济控制开关置于“Ⅰ”（开启）位置，然后打开电气设备电源。\n① “Ⅰ”（开启）\n\n另外，还有几点重要的安全提醒哦：\n- 避免将发电机接入市电插座。\n- 避免将发电机与其他发电机并联使用。\n- 务必确保总负载在发电机额定输出范围内，否则会损坏发电机。\n\n希望以上解答能够帮到您，若有任何不明白的地方，随时欢迎您再来咨询哦！祝您生活愉快！, [""Manual18_33"", ""Manual18_34""]"
160,"您好！很高兴为您解答关于发电机开关的问题哦。\n\n为您查到，关于发电机上的开关，官方手册中是这样说明的：\n\n**燃油开关旋钮**\n燃油开关旋钮用于将燃油从油箱输送至化油器。\n <PIC> \n取下盖板①，内部可见燃油开关拨杆。若燃油开关旋钮无法转动，可使用该拨杆供油。\n <PIC>\n\n另外，还有一个**停机开关**，它用于关闭发动机。\n\n希望以上解答能够帮到您，若有任何不明白的地方，随时欢迎您再来咨询哦！祝您生活愉快！, [""Manual18_19"", ""Manual18_20""]"
161,"您好！很高兴为您解答关于查找并记录发电机标识信息的问题哦。\n\n根据官方手册的说明，您需要找到并记录发电机的**机器序列号**和**产品识别码**。具体位置和记录方法如下：\n\n首先，关于机器序列号，手册中说明：\n> # 机器标识\n> 机器序列号标注在图示位置。\n>  <PIC>\n\n另外，手册还提供了识别码的记录指引，方便您日后订购配件或防盗：\n> # 识别码记录\n> 请在指定位置记录您的产品识别码和序列号，以便向发电机经销商订购零配件。\n> 同时请将这些识别码另行妥善保管，以防机器被盗。\n>  <PIC>   AE00011\n\n请注意，这些编号的前三位为机型标识，其余数字为产品生产编号。建议您将找到的序列号和识别码妥善记录并另行保管哦。\n\n希望以上解答能够帮到您，若有任何不明白的地方，随时欢迎您再来咨询哦！祝您生活愉快！, [""Manual18_1"", ""Manual18_0""]"
162,"您好！很高兴为您解答关于发电机直流保护器使用注意事项的问题哦。\n\n根据官方手册，关于直流保护器，您需要注意以下几点：\n\n首先，当负载超过发电机额定输出时，直流保护器会自动断开。如果发生这种情况，请将负载降至发电机额定输出范围内。若再次断开，请咨询发电机经销商。\n\n另外，在充电时，务必确保电池接线正确，并确保通气软管连接正确，无损坏或堵塞。同时，充电时务必关闭经济控制开关。\n\n关于复位操作，按下即可复位直流保护器。\n\n<PIC>\n<PIC>\n\n希望以上解答能够帮到您，若有任何不明白的地方，随时欢迎您再来咨询哦！祝您生活愉快！, [""generator_08"", ""generator_09""]"
163,"您好！很高兴为您解答关于发电机使用前检查的问题哦。使用前检查发动机机油确实非常重要，官方手册中是这样说明的：\n\n# 发动机机油\n确认发动机机油处于机油加注口上限位置，必要时添加。\n <PIC> ① 上限\n <PIC> # 注：\n推荐发动机机油等级：API标准 SE级或SF级。\n <PIC> # 注意\n发电机出厂时未加注发动机机油。必须加注机油，否则无法启动。\n <PIC> \nAE00241\n\n希望以上解答能够帮到您，若有任何不明白的地方，随时欢迎您再来咨询哦！祝您生活愉快！, [""generator_17"", ""generator_18"", ""generator_19"", ""Manual18_23""]"
164,"您好！很高兴为您解答关于启动发电机发动机的问题哦。根据手册中的说明，启动发动机的步骤中，最后三个步骤是：\n\n1. 拆下火花塞，向火花塞孔内注入约一汤匙SAE 10W30或20W40发动机油，重新安装火花塞。关闭点火开关，拉动反冲启动器数次，使机油覆盖气缸壁。\n2. 拉动反冲启动器至感觉有压缩力时停止，防止气缸及阀门生锈。\n3. 清洁发电机外部并涂抹防锈剂。\n\n<PIC>\n\n希望以上解答能够帮到您，若有任何不明白的地方，随时欢迎您再来咨询哦！祝您生活愉快！, [""Manual18_69""]"
165,"您好！非常理解您需要为发电机电池充电的需求，很高兴为您解答这个问题哦。\n\n根据官方手册的说明，为发电机电池充电时，请务必遵循以下步骤和注意事项，以确保安全和正确操作：\n\n首先，关于充电前的关键准备，手册中特别强调了以下几点：\n> # 注意\n> 充电时务必关闭经济控制开关。务必确保电池接线正确。务必确保通气软管连接正确，无损坏或堵塞。若直流保护器断开，请将负载降至发电机额定输出范围内。若再次断开，请咨询发电机经销商。# 注：按下即可复位直流保护器。① “复位”  — “断开”\n>  <PIC>   注：电池充满电时，电解液比重在1.26至1.28之间。每小时检查一次比重。充电时严禁吸烟，严禁在电池处连接或断开线路，火花可能点燃电池产生的气体。电池电解液有毒且具有腐蚀性，会造成严重灼伤，内含硫酸。避免接触皮肤、眼睛或衣物。急救措施：皮肤接触——用水冲洗。误食——大量饮水或牛奶，随后服用氧化镁乳、蛋清或植物油，立即就医。眼睛接触——用水冲洗15分钟并立即就医。电池产生易爆气体，远离火花、明火、香烟等。在密闭空间充电或使用时请通风。操作电池时务必佩戴护目镜。请放置在儿童接触不到的地方。\n>  <PIC>\n\n然后，具体的充电操作步骤如下：\n> # AE01100 电池充电\n> 发电机直流额定电压为12V。\n> 1. 将充电线在提手上缠绕2至3圈，插入直流插座。\n\n另外，如果在充电过程中遇到直流保护器跳闸的情况，手册也给出了处理方法：\n> # 直流保护器\n> 当负载超过发电机额定输出时，直流保护器将自动断开。\n>  <PIC> # 注意\n> 若直流保护器断开，请将负载降至发电机额定输出范围内。若再次断开，请咨询发电机经销商。# 注：按下即可复位直流保护器。① “复位”  — “断开”\n>  <PIC> \n> AE01021\n\n希望以上解答能够帮到您，若有任何不明白的地方，随时欢迎您再来咨询哦！祝您生活愉快！, [""Manual18_38"", ""Manual18_39"", ""generator_08"", ""generator_09""]"
166,"您好！很高兴为您解答关于发电机停机的问题哦。\n\n根据官方手册的说明，要让发电机的发动机停机，您可以通过操作**发动机开关**来实现。手册中是这样描述的：\n\n# 发动机开关\n发动机开关控制点火系统。① ︵ “开启”：点火电路接通，可启动发动机。— ⊗ “停止”：点火电路切断，发动机停机。\n <PIC> \n\n您只需将发动机开关拨到“停止”（⊗）位置，即可切断点火电路，发动机就会安全停机啦。\n\n希望以上解答能够帮到您，若有任何不明白的地方，随时欢迎您再来咨询哦！祝您生活愉快！, [""generator_06""]"
167,"您好！很高兴为您解答关于发电机火花塞检查的问题哦。\n\n根据手册中的说明，检查火花塞的步骤如下，请您参考：\n\n1. 取下盖板①。\n2. 检查是否变色并清除积碳。\n <PIC> \n3. 检查火花塞型号及间隙。\n <PIC> \n⊛ 间隙\n <PIC> \n4. 安装火花塞。\n <PIC> \n5. 安装盖板。\n <PIC>\n\n希望以上解答能够帮到您，若有任何不明白的地方，随时欢迎您再来咨询哦！祝您生活愉快！, [""Manual18_44"", ""Manual18_45"", ""Manual18_46"", ""Manual18_47"", ""Manual18_48""]"
168,"您好！很高兴为您解答关于发电机发动机机油更换的问题哦。根据官方手册，更换发动机机油的前六个步骤如下，请您参考哈：\n\n1. 将机器放置在水平面上，暖机数分钟，然后停机，将燃油开关旋钮置于“关闭”位置，顺时针拧紧油箱盖通气旋钮。\n2. 取下盖板①。\n <PIC> \n3. 从发电机底部拆下放油接头①，打开机油加注口盖。\n <PIC> \n4. 将放油接头①安装到机油加注口。\n <PIC> \n5. 在发动机下方放置接油盘，倾斜发电机将机油完全排空。\n <PIC> \n6. 添加发动机机油至上限位置。\n① 上限\n <PIC> \n\n希望以上解答能够帮到您，若有任何不明白的地方，随时欢迎您再来咨询哦！祝您生活愉快！, [""Manual18_49"", ""Manual18_50"", ""generator_25"", ""generator_26"", ""Manual18_51""]"
169,"您好！非常抱歉给您带来困扰了，关于发电机空气滤清器的正确操作步骤，我为您查到官方手册中是这样说明的，请您参考以下步骤操作哦：\n\n1. 取下盖板①。\n <PIC> \n2. 松开固定空气滤清器盖⊛的卡箍○。\n <PIC> \n3. 取下空气滤清器盖及滤芯④。\n4. 用溶剂清洗滤芯并晾干。\n5. 给滤芯上油并挤出多余机油，滤芯应湿润但不滴油。\n推荐机油：泡沫空气滤清器专用油或SAE 20号发动机油\n注意\n请勿拧绞滤芯，以免撕裂。\n6. 将滤芯装入空气滤清器。\n注：确保滤芯密封面与空气滤清器贴合，无漏气。\n <PIC> \n7. 将空气滤清器盖装回原位并安装卡箍。\n8. 安装盖板。\n\n另外，特别提醒您：发动机严禁无滤芯运行，否则会导致活塞及气缸过度磨损哦。使用溶剂清洗时，也请务必不要吸烟或靠近明火，注意安全哈。\n\n希望以上解答能够帮到您，若有任何不明白的地方，随时欢迎您再来咨询哦！祝您生活愉快！, [""Manual18_62"", ""Manual18_63"", ""Manual18_64""]"
170,"您好！非常抱歉给您带来困扰了。关于发电机发动机无法启动的问题，我为您查到官方手册中是这样说明的哦：\n\n# 发动机无法启动\n1. 燃油系统  燃油未输送至燃烧室。\n2  油箱无油……添加燃油。\n <PIC> 2  油箱有油……• 油箱盖通气旋钮置于“开启”（逆时针旋转1圈）。• 燃油开关旋钮置于“开启”。2  燃油管路堵塞……清洁燃油管路。2  化油器堵塞……清洁化油器。\n <PIC> 2. 发动机机油系统  机油不足  2  机油液位低……添加发动机机油。\n <PIC>\n\n另外，如果发动机熄火或无法启动，您也可以将发动机开关置于“开启”位置，然后拉动反冲启动器。若机油警告灯闪烁数秒，表示发动机机油不足，添加机油后重新启动哦。\n\n希望以上解答能够帮到您，若有任何不明白的地方，随时欢迎您再来咨询哦！祝您生活愉快！, [""generator_28"", ""generator_29"", ""Manual18_65""]"
171,您好！很高兴为您解答关于发电机排空燃油的问题哦。\n\n根据官方手册，排空燃油的正确操作步骤如下：\n\n**排空燃油**\n1. 打开油箱盖，使用市售手动虹吸管将油箱内燃油排入合格汽油容器，然后装回油箱盖。\n\n希望以上解答能够帮到您，若有任何不明白的地方，随时欢迎您再来咨询哦！祝您生活愉快！
172,您好！很高兴为您解答关于使用发电机为精密设备供电的问题哦。\n\n根据官方手册中的说明，为您查到以下重要提示：\n\n# 注意\n务必确保总负载在发电机额定输出范围内，否则会损坏发电机。部分精密设备对电压敏感，可能需要比便携式发电机更稳定的电压供应，例如部分医疗设备、个人电脑及检测峰值电压和有效值电压的逆变器。使用便携式发电机为该类设备供电前，请咨询精密设备供应商。\n\n所以，在使用发电机为对电压敏感的精密设备供电前，建议您先咨询该精密设备的供应商，确认其是否适合使用便携式发电机供电，并确保总负载不超过发电机的额定输出范围哦。\n\n希望以上解答能够帮到您，若有任何不明白的地方，随时欢迎您再来咨询哦！祝您生活愉快！
173,"您好！很高兴为您解答关于摩托艇行驶速度的问题哦。根据官方手册中的说明，这三种速度的定义和区别如下：\n\n“拖曳速度”为最低操控速度，几乎不加油门。艇体沉入水中，无尾流。  \n<PIC>  \n\n“半滑航速度”为中等速度，艇首略微抬离水面，但仍在水中行驶，产生尾流。  \n<PIC>  \n\n“滑航速度”为较快速度，艇体更平稳，在水面滑行，产生尾流。  \n<PIC>\n\n在技巧和应用上，它们的主要不同在于：\n- **拖曳速度**：适合在狭窄水域、靠近码头或需要极低速度操控时使用，比如在钓鱼或停靠时，能保持最小动力和稳定性。\n- **半滑航速度**：适合中等速度巡航，艇首抬起但仍在水中，会产生明显尾流，适合在开阔水域进行平稳过渡或观察环境。\n- **滑航速度**：适合高速行驶，艇体在水面滑行，操控更灵活，但转向时需注意角度限制（如手册中提到的“滑航速度转向”训练），避免侧滑导致推力下降。\n\n希望以上解答能够帮到您，若有任何不明白的地方，随时欢迎您再来咨询哦！祝您生活愉快！, [""Manual40_1"", ""Manual40_2"", ""Manual40_3""]"
174,您好！非常高兴为您解答关于如何在深水中登上并平衡摩托艇的问题哦。根据官方手册中的说明，这里为您查到相关的练习指导呢：\n\n根据【文献-5】的内容，本练习的目标是训练您落水后在深水中登艇，以及扶正倾覆的摩托艇。重复练习直至能轻松完成。\n\n同时，根据【文献-3】的内容，这项技能的核心是“深水登艇与静止平衡”。\n\n为了确保操作的安全性和稳定性，建议您结合【文献-7】中的训练方法：先将摩托艇停在陆地，发动机关闭状态下登艇，熟悉《用户/操作手册》中描述的正确操作姿势。然后双眼直视前方，找到每个操控装置并确认使用方法。重复训练直至熟练掌握操控装置。\n\n此外，根据【文献-1】的指导，请务必按照说明依次练习每个项目，不要勉强自己，疲劳时及时休息。熟练掌握每项练习后再进行下一项，因为前一课学到的技能可能是下一课的基础。记住，您必须自己判断何时对所学技能感到熟练与自信哦。\n\n希望以上解答能够帮到您，若有任何不明白的地方，随时欢迎您再来咨询哦！祝您生活愉快！
175,"您好！很高兴为您解答关于摩托艇滑航速度下转弯技巧的问题哦。\n\n根据官方手册中的说明，在滑航速度下进行急转弯时，想要保证稳定性和操控性，需要掌握以下关键技巧：\n\n首先，**转向时必须同时加大油门**。手册中特别提示：\n> # 提示：  在此速度下急转弯时，转向同时必须加大油门。\n\n这是因为滑航速度下，艇体的转向角度是有限的。如果车把转向过度，艇体可能开始侧滑，无法更急转弯。侧滑时进入喷射口的水量减少，喷嘴排水量下降，转向推力降低，结果是艇体减速，转向更平缓。**将车把转回较小角度可恢复正常转向**。\n\n另外，建议您从平缓转向、低速开始练习，逐步提升难度。手册中详细说明了训练步骤：\n> # 训练1：滑航速度转向  1. 加速至滑航速度，然后转向。  2. 练习左右转向画椭圆。  3. 重复训练，从平缓转向、低速开始，随技能与信心提升逐步增加难度。  你会发现艇体转向方式与半滑航速度时不同。  \n> <PIC>  \n> 滑航速度下，艇体在给定速度下的转向角度有限。  \n> 车把转向过度时，艇体可能开始侧滑，无法更急转弯。这是因为侧滑时进入喷射口的水量减少，喷嘴排水量下降，转向推力降低。  \n> 结果是艇体减速，转向更平缓。将车把转回较小角度可恢复正常转向。\n\n同时，您还可以结合左右转向完成一系列圆圈与8字路线来提升操控感：\n> # 训练2：滑航速度转向操作  1. 加速至滑航速度。 2. 结合左右转向完成一系列圆圈与8字路线。 3. 重复训练，逐步提高速度并减小转弯半径，切勿急于求成。  \n> <PIC>\n\n最后，请务必记住：**尝试高速前先熟悉低速响应**，并且**与任何机动车一样，速度越快，停车距离越长**哦。\n\n希望以上解答能够帮到您，若有任何不明白的地方，随时欢迎您再来咨询哦！祝您在水上玩得开心又安全！, [""Manual40_26"", ""Manual40_27""]"
176,"您好！很高兴为您解答关于摩托艇驾驶技巧的问题哦。根据官方驾驶练习指南，要在大椭圆转弯、绕圈和8字行驶中保持操控性和稳定性，建议您按照以下步骤循序渐进地练习，并注意关键技巧哈：\n\n首先，在**半滑航速度**下进行大椭圆转向时，请参考以下练习：\n> # 训练1：半滑航速度前进与大椭圆转向  \n> 1. 逐渐加速至半滑航速度，保持速度平稳右转。  \n> 2. 重复训练，平稳左转。  \n> 3. 重复训练，前进并转向完成完整椭圆。  \n> <PIC>\n\n接着，在**绕圈行驶**中，您可以这样练习：\n> # 训练2：绕圈行驶  \n> 1. 右转绕大圈，保持速度不变，逐渐缩小圈径。  \n> 2. 重复训练，左转绕圈。  \n> <PIC>\n\n然后，在**8字行驶**中，可以结合前面的技巧：\n> # 训练3：8字行驶  \n> 1. 结合上述训练完成大8字路线。  \n> 2. 重复训练，每次缩小8字尺寸。  \n> <PIC>\n\n另外，在**滑航速度**下转向时，请注意艇体的特性：\n> # 训练1：滑航速度转向  \n> 1. 加速至滑航速度，然后转向。  \n> 2. 练习左右转向画椭圆。  \n> 3. 重复训练，从平缓转向、低速开始，随技能与信心提升逐步增加难度。  \n> 你会发现艇体转向方式与半滑航速度时不同。  \n> <PIC>  \n> 滑航速度下，艇体在给定速度下的转向角度有限。  \n> 车把转向过度时，艇体可能开始侧滑，无法更急转弯。这是因为侧滑时进入喷射口的水量减少，喷嘴排水量下降，转向推力降低。  \n> 结果是艇体减速，转向更平缓。将车把转回较小角度可恢复正常转向。\n\n最后，一个非常重要的提示是：\n> # 提示：  \n> 在此速度下急转弯时，转向同时必须加大油门。\n\n希望以上解答能够帮到您，若有任何不明白的地方，随时欢迎您再来咨询哦！祝您驾驶愉快，安全第一！, [""Manual40_22"", ""Manual40_23"", ""Manual40_24"", ""Manual40_26""]"
177,您好！很高兴为您解答关于摩托艇中低速转弯时油门控制的问题哦。\n\n根据官方手册中的指导，中低速转弯时，油门控制与转向的配合非常关键呢。为您查到，在【训练4：理解油门对转向的影响】中，是这样说明的：\n\n1. 直线行驶逐渐加速至半滑航速度，松开油门手柄，再将车把向左右转到最大。  \n2. 你会发现转向能力迅速下降，发动机减速后艇体不再响应车把操作。  \n3. 逐渐重新加油门，观察艇体恢复响应。\n\n同时，在【提示】中也特别强调：**在此速度下急转弯时，转向同时必须加大油门。**\n\n所以，为了保持行驶的稳定性和操控性，您需要记住：**中低速转弯时，不要完全松开油门，而是应该保持或适当加大油门**，这样摩托艇才能通过喷射推力有效转向，避免因失去动力而失控哦。建议您在练习时，先以低速熟悉油门与转向的配合，再逐步提升速度，这样会更安全、更稳定呢。\n\n希望以上解答能够帮到您，若有任何不明白的地方，随时欢迎您再来咨询哦！祝您生活愉快！
178,"您好！很高兴为您解答关于摩托艇驾驶技巧的问题哦。关于如何以拖曳速度直行和转弯，保证操作的平顺性和操控性，官方手册中是这样说明的：\n\n**训练1：拖曳速度直行与转向**\n1. 登艇，观察周围人员、物体及其他船只。\n2. 启动发动机，直线行驶。\n3. 开始转向，做长约15–21米（50–70英尺）的大8字路线，不加油门。\n   <PIC>\n\n另外，拖曳速度是“最低操控速度，几乎不加油门。艇体沉入水中，无尾流。” 在这个速度下，您需要保持轻柔、平稳的操控，避免急转或突然加速，这样就能很好地保证平顺性和操控性哦。\n\n希望以上解答能够帮到您，若有任何不明白的地方，随时欢迎您再来咨询哦！祝您生活愉快！, [""Manual40_19""]"
179,"您好！很高兴为您解答关于摩托艇全加速行驶时如何安全平稳停稳的问题哦。\n\n根据官方手册中的练习指南，关于全加速与停车，建议您按照以下步骤操作，以确保安全平稳地完成停车：\n\n首先，在练习全加速与停车时，请务必先熟练掌握之前的操控技能。当您需要从全加速状态停车时，核心操作是**逐渐减小油门**，而不是突然松开或关闭油门。因为突然减速可能会导致艇体失控或让乘客前冲。\n\n具体来说，您可以参考以下步骤：\n1.  **逐渐减速**：平稳地、缓慢地收回油门手柄，让摩托艇从全加速状态逐渐减速至拖曳速度或更低。\n2.  **保持方向**：在减速过程中，请保持车把（转向把手）正直，避免急转方向，因为高速下急转可能导致侧翻。\n3.  **完全停止**：当速度降至足够低时，再完全松开油门，让摩托艇依靠水的阻力自然停稳。如果需要紧急停止，可以短暂、轻柔地使用反向功能（如果您的摩托艇配备），但请务必在低速下操作。\n\n**温馨提醒**：在练习全加速与停车时，请选择开阔、无其他船只或障碍物的水域，并确保所有乘客都已坐稳并抓紧扶手哦。\n\n希望以上解答能够帮到您，若有任何不明白的地方，随时欢迎您再来咨询哦！祝您在水上玩得开心，安全第一！ 请参考以下相关插图：<PIC>, [""Manual40_20"", ""Manual40_1"", ""Manual40_2""]"
180,"您好！很高兴为您解答关于摩托艇安全驾驶的问题哦。安全永远是第一位的，我们非常重视您的安全呢。\n\n根据官方手册中的指导，避免碰撞事故是驾驶摩托艇时最重要的安全事项之一。为您查到，关于如何避免碰撞，官方手册中是这样说明的：\n\n<PIC>\n避免碰撞： 持续观察周围人员、物体及其他船只。留意影响视线或遮挡视野的环境状况。 以安全速度谨慎驾驶，与人员、物体及其他船只保持安全距离。 \n●不要紧跟在其他摩托艇或船只后方。\n●不要靠近他人并向其喷水或溅水。\n●避开有水下障碍物或浅水区的区域。\n●EX / EX Sport：避免急转弯或其他让他人难以避让或判断你行驶方向的操作。\n●EX Deluxe：避免急转弯、通过强力握紧智能减速电子倒挡（RiDE）手柄快速减速，以及其他让他人难以避让或判断你行驶方向的操作。RiDE系统是控制发动机转速与倒挡闸门的电子系统，位于喷射推力喷嘴附近。左侧握把处的RiDE手柄可改变喷射推力方向，使摩托艇后退或进入空挡。RiDE系统在减速及低速操控（如下水、靠岸、停靠码头）时为驾驶者提供辅助。 尽早采取行动避免碰撞。记住，摩托艇及其他船只没有刹车装置。 EX Deluxe：RiDE系统并非用于规避危险的制动装置。 试图转向避开物体时不要松开油门手柄——转向需要油门动力。启动摩托艇前务必检查油门与转向操控是否正常。 遵守适用于摩托艇的航行规则与当地法规。更多信息参见《用户手册》。\n\n希望以上解答能够帮到您，若有任何不明白的地方，随时欢迎您再来咨询哦！祝您生活愉快，安全驾驶！, [""Manual40_0""]"
181,"您好！很高兴为您解答关于水泵发动机安全停机的问题哦。\n\n根据官方手册，正确的停机步骤如下，请您参考：\n\n1. 将油门手柄完全向左推。\n <PIC> \n2. 将发动机开关置于“OFF”位置。\n①“OFF”\n <PIC> \n3. 将燃油开关手柄置于“OFF”位置。\n①“OFF”\n <PIC>\n\n希望以上解答能够帮到您，若有任何不明白的地方，随时欢迎您再来咨询哦！祝您生活愉快！, [""Manual31_16"", ""Manual31_17"", ""Manual31_18""]"
182,"您好！很高兴为您解答关于水泵的核心部件的问题哦。\n\n为您查到，关于水泵的部件说明，官方手册中是这样介绍的：\n\n# 部件说明\n油箱 油箱盖 燃油开关 空气滤清器盖 火花塞 消音器 阻风门手柄 发动机开关 机油加注口盖 放油螺塞 反冲启动器 机油警告灯 油门手柄 注水螺塞 放水螺塞\n <PIC>  <PIC>\n\n希望以上解答能够帮到您，若有任何不明白的地方，随时欢迎您再来咨询哦！祝您生活愉快！, [""pump_16"", ""pump_17""]"
183,"您好！很高兴为您解答关于清洗油箱滤网的问题哦。\n\n为您查到，关于清洗油箱滤网的详细步骤，官方手册中是这样说明的：\n\n# 油箱滤网\n1. 拆下油箱盖及滤网。\n①油箱盖 ②油箱滤网\n2. 用溶剂清洗滤网，损坏则更换。\n3. 擦干滤网后装回。 <PIC>\n\n希望以上解答能够帮到您，若有任何不明白的地方，随时欢迎您再来咨询哦！祝您生活愉快！, [""Manual31_32""]"
184,"您好！很高兴为您解答关于水泵安全排放燃油的问题哦。\n\n根据官方手册，安全排放燃油的正确步骤如下：\n\n1. 排空油箱、燃油开关及化油器浮子室。\n③化油器放油螺塞\n2. 向油箱内倒入一杯SAE 10W30或20W40发动机机油。\n3. 晃动油箱使内壁均匀附着机油。\n4. 排出多余机油。\n <PIC>\n\n希望以上解答能够帮到您，若有任何不明白的地方，随时欢迎您再来咨询哦！祝您生活愉快！, [""Manual31_41""]"
185,"您好！非常高兴为您解答关于水泵无法抽水的问题哦。根据官方手册，水泵无法抽水通常是由几个常见原因引起的，我们可以一步步来诊断和解决呢。\n\n首先，为您查到，关于无法抽水的问题，官方手册中是这样说明的：\n\n# 无法抽水\no 注水螺塞或放水螺塞松动……拧紧。\no 软管接头或卡箍松动……拧紧。\no O形圈或垫片损坏……更换。\no 机械密封损坏……咨询经销商。\n\n另外，手册中还特别提醒哦：\n# 注意\n•务必确保软管安装牢固，否则会进气导致无法抽水。\n•务必安装滤网，否则会损坏水泵。\n请安装滤网：A）YP20G使用直径50毫米（2英寸）吸水口；B）YP30G使用直径80毫米（3英寸）吸水口，滤网孔径均不大于8毫米（0.31英寸）。\n机油警告系统 当机油油位低于下限，发动机会自动停机。不补充机油则无法再次启动。\n <PIC> \n提示 若发动机熄火或无法启动，将发动机开关置于“ON”位置，然后拉动反冲启动器。若机油警告灯闪烁数秒，表示机油不足，添加机油后重新启动。\n\n所以，您可以按照以下步骤来诊断和解决哦：\n1. **检查密封与连接**：先检查注水螺塞、放水螺塞、软管接头和卡箍是否松动，如果松动就拧紧它们。同时检查O形圈或垫片有没有损坏，如果损坏就需要更换。\n2. **检查软管安装**：确保软管安装得非常牢固，避免进气导致无法抽水。\n3. **检查滤网**：务必安装合适的滤网，防止杂物进入损坏水泵。根据您的型号（YP20G或YP30G）选择对应尺寸的吸水口和滤网。\n4. **检查机油系统**：如果发动机自动停机或无法启动，可能是机油不足。将发动机开关置于“ON”位置，拉动反冲启动器，如果机油警告灯闪烁，就添加机油后再重新启动。\n5. **检查机械密封**：如果以上都正常，但问题依旧，可能是机械密封损坏，这时需要联系经销商处理哦。\n\n希望以上解答能够帮到您，若有任何不明白的地方，随时欢迎您再来咨询哦！祝您生活愉快！, [""Manual31_6""]"
186,"您好！很高兴为您解答关于温控器设置日期和时间的问题哦。精准的日期和时间设置是确保日程和温度控制准确运行的基础呢，我来为您详细说明一下哈。\n\n根据官方手册，设置日期和时间的步骤如下：\n\n首先，关于设置日期和时间，您可以参考以下操作：\n1. 按菜单键进入设备菜单。显示PROG。按+或-选择日期。\n2. 按选择键。\n3. 年份开始闪烁。按+或-调整年份。按选择键。\n4. 按+或-调整月份。按选择键。\n5. 按+或-调整日期。按选择键保存并退出。\n<PIC>\n\n另外，如果您需要单独设置日期和时间，也可以参考以下步骤：\n1. 设置日期。按+或-调整年份。按选择键。按+或-调整月份。按选择键。按+或-调整日期。按选择键。\n<PIC>\n\n完成日期和时间设置后，您就可以根据程序日程功能来设定每天的四个时间段（起床、离家、回家、睡眠），工作日和周末可以设置不同参数哦。建议使用预设设置，可有效降低供暖/制冷能耗呢。\n<PIC>\n\n希望以上解答能够帮到您，若有任何不明白的地方，随时欢迎您再来咨询哦！祝您生活愉快！, [""Manual36_42"", ""Manual36_25"", ""Manual36_31""]"
187,"您好！很高兴为您解答关于温控器系统和风扇运行设置的问题哦。优化供暖和制冷效果，主要就是通过调整系统模式和风扇模式来实现的。官方手册中是这样说明的，我为您详细介绍一下哈：\n\n首先，关于**系统运行设置**，您可以这样操作：\n1. 按模式键循环切换至下一个可用系统模式。\n2. 循环切换直至显示所需系统模式并保持激活状态。\n注：可用系统模式因型号及系统设置而异。\n<PIC>\n系统模式：\n- 自动：温控器根据需要自动选择供暖或制冷。\n- 供暖：温控器仅控制供暖系统。\n- 制冷：温控器仅控制制冷系统\n- 应急供暖（仅适用于带辅助加热的热泵）：温控器控制辅助加热。不使用压缩机。\n- 关闭：供暖和制冷系统关闭。若风扇设置为开启或循环模式，风扇仍可运行。\n注：由于压缩机保护，供暖/制冷指示灯会闪烁5分钟\n\n其次，关于**风扇运行设置**，您可以这样操作：\n1. 按风扇键循环切换至下一个可用风扇模式。\n2. 循环切换直至显示所需风扇模式并保持激活状态。\n注：可用风扇模式因系统设置而异。\n<PIC>\n风扇模式：\n- 自动：仅在供暖或制冷系统运行时风扇启动。\n- 开启：风扇持续运行。\n- 循环：风扇随机运行约33%的时间。\n\n希望以上解答能够帮到您，若有任何不明白的地方，随时欢迎您再来咨询哦！祝您生活愉快！, [""Manual36_29"", ""Manual36_30""]"
188,"您好！很高兴为您解答关于如何调整温控器程序日程以实现高效能源利用和温度控制的问题哦。\n\n根据官方手册的说明，您可以通过设置每天四个时间段来优化供暖/制冷能耗，工作日和周末还可以设置不同的参数呢。以下是具体的操作步骤和预设建议，请您参考哈：\n\n**调整程序日程的步骤：**\n\n1. 按温控器上的菜单键  \n  <PIC>\n2. 显示PROG。按选择键。然后显示开启。按选择键  \n3. 按+或-选择要编辑的日期或日期组。按选择键。  \n4. 按+或-选择要编辑的日程时段（起床、离家、回家、睡眠）。按选择键。  \n5. 显示开启。按选择键保持该时段开启。或按+然后按选择键关闭该时段。  \n6. 时间开始闪烁。按+或-调整日程时段开始时间。按选择键。  \n7. 温度开始闪烁。按+或-调整“供暖”设定温度。按选择键。按+或-调整“制冷”设定温度。按选择键。 <PIC>  \n8. 对剩余日程时段重复步骤4至7。  \n9. 完成后按主页键保存程序设置并返回主界面。  \n  <PIC>\n\n**高效节能的预设建议：**\n\n您可每天设置四个时间段，建议使用以下预设设置，可有效降低供暖/制冷能耗哦：\n\n- **起床**——设置起床时间及早晨离家前的所需温度。\n- **离家**——设置离家时间及外出时的所需温度（通常为节能温度）。\n- **回家**——设置回家时间及晚上就寝前的所需温度。\n- **睡眠**——设置就寝时间及夜间所需温度（通常为节能温度）。\n\n  <PIC>\n\n上表仅为示例，您可以根据自己的生活习惯灵活调整呢。如需临时或永久覆盖上述程序日程，请参阅手册中的相关说明哦。\n\n希望以上解答能够帮到您，若有任何不明白的地方，随时欢迎您再来咨询哦！祝您生活愉快！, [""thermostat_04"", ""thermostat_05"", ""thermostat_06"", ""Manual36_31""]"
189,"您好！很高兴为您解答关于如何临时更改温控器温度设置的问题哦。\n\n根据官方手册的说明，您可以通过“程序日程临时覆盖”功能来实现，在不影响已编程日程的情况下，临时调整温度。具体操作步骤如下：\n\n1. 按 **+** 或 **-** 调整温度。\n2. 调整至所需设定温度后，无需其他操作。新的设定温度将保持至下一个预定时间段开始。\n3. 如需取消临时保持，请按 **+** 或 **-**，然后按 **取消键**。\n\n<PIC>\n\n希望以上解答能够帮到您，若有任何不明白的地方，随时欢迎您再来咨询哦！祝您生活愉快！, [""Manual36_32""]"
190,"您好！很高兴为您解答关于警报界面的问题哦。当设备或系统出现警报界面时，官方手册中是这样说明的呢：\n\n# 警报界面\n1. 主界面会显示警报图标。您可在菜单中查看警报以了解错误/警报代码。查看后主界面将保留警报符号直至清除。  \n<PIC>\n2. 暂态警报将在警报菜单界面取消7天后再次显示。  \n<PIC>\n3. 当警报图标出现时，对照下表查看错误代码以确定问题。  \n<PIC>\n4. 暂态警报。  \n<PIC>\n5. 取消警报。  \n<PIC>\n\n希望以上解答能够帮到您，若有任何不明白的地方，随时欢迎您再来咨询哦！祝您生活愉快！, [""Manual36_43"", ""Manual36_44"", ""Manual36_45"", ""Manual36_46"", ""Manual36_47""]"
191,"您好！很高兴为您解答关于热泵系统接线的问题哦。\n\n根据官方手册中的说明，针对热泵系统的接线，您需要参考以下内容：\n\n**备用接线（仅适用于热泵）**\n\n此外，在完成接线后，请务必确认接线与照片一致。请确认接线与步骤5拍摄的照片端子一致。\n<PIC>\n\n希望以上解答能够帮到您，若有任何不明白的地方，随时欢迎您再来咨询哦！祝您生活愉快！, [""thermostat_01""]"
192,"您好！很高兴为您解答关于温控器电池更换的问题哦。为了确保更换后设备功能正常，请您按照以下步骤操作，非常安全简单呢：\n\n首先，根据手册说明，温控器需电池供电。当电池低电量图标出现时，请立即更换新电池。该图标会在电池耗尽前约两个月显示。即使未出现电池低电量图标，也应每年更换一次电池，或离家超过一个月前更换。\n\n具体更换步骤如下：\n1. 在温控器背面装入两节AA碱性电池，如图所示：\n<PIC>\n\n2. 若两分钟内完成电池更换，则无需重新设置时间和日期。所有其他设置将永久存储在内存中，无需电池供电。\n\n3. 更换电池时建议使用碱性电池哦。\n<PIC>\n\n另外，请注意：如果本产品更换的控制器内含有密封管汞，请不要将旧控制器丢弃，请联系当地废物管理部门了解回收及正确处理方法。从UWP底座上拆卸温控器时，请参考下图：\n<PIC>\n\n希望以上解答能够帮到您，若有任何不明白的地方，随时欢迎您再来咨询哦！祝您生活愉快！, [""Manual36_22"", ""Manual36_40"", ""Manual36_49""]"
193,"您好！很高兴为您解答关于温控器接线的问题哦。当标签与端子不匹配时，您完全不用担心，官方手册中提供了清晰的备用接线方法。为您查到，关于常规系统接线，官方手册中是这样说明的：\n\n# 常规系统接线 备用接线（常规系统） 若标签与端子不匹配，请按下图连接电线（见下方注释）\n\n希望以上解答能够帮到您，若有任何不明白的地方，随时欢迎您再来咨询哦！祝您生活愉快！ 请参考以下相关插图：<PIC>, [""Manual36_35"", ""Manual36_8"", ""Manual36_9""]"
194,您好！很高兴为您解答关于温控器故障排除的问题哦。非常抱歉给您带来困扰了，我们来看看官方手册中是怎么说的呢。\n\n为您查到，关于温控器故障排除，官方手册中是这样说明的：\n\n# 故障排除 若温控器出现问题，请尝试以下建议 大多数问题均可快速简便解决。\n\n希望以上解答能够帮到您，若有任何不明白的地方，随时欢迎您再来咨询哦！祝您生活愉快！
195,"您好！很高兴为您解答关于处理器单元关键组件的问题哦。\n\n根据官方手册中的说明，处理器单元的关键组件包括以下部分呢：\n\n正面 <PIC> \nA）状态指示灯 白色：已开机 红色：待机模式\nB）AUX端口\nC）HDMI输出端口\n\n背面 <PIC> \nA）HDMI电视端口\nB）HDMI PS4端口\nC）USB端口\nD）DC IN 12V接口\nE）通风口\n\n希望以上解答能够帮到您，若有任何不明白的地方，随时欢迎您再来咨询哦！祝您生活愉快！, [""Manual38_1"", ""Manual38_2""]"
196,"您好！很高兴为您解答关于耳机和耳塞的问题哦。\n\n关于耳机的类型，官方手册中说明，这款VR头显配备的是**立体声耳机**，并且出厂时已安装M号耳塞。具体信息如下：\n\n立体声耳机\n <PIC> A）耳塞\n\n至于如何更换耳塞，官方手册中是这样说明的，非常贴心呢：\n\n更换耳塞\n立体声耳机出厂时已安装M号耳塞。可更换为S号或L号耳塞以获得更贴合的佩戴效果。取下时，旋转耳塞后将其拔下即可。 <PIC> \n请牢固安装耳塞，防止使用过程中意外脱落。\n\n希望以上解答能够帮到您，若有任何不明白的地方，随时欢迎您再来咨询哦！祝您生活愉快！, [""Manual38_3"", ""Manual38_4""]"
197,"您好！很高兴为您解答关于VR头显遮光罩清洁的问题哦。\n\n为您查到，关于遮光罩的清洁步骤，官方手册中是这样说明的：\n\n将遮光罩从VR头显上取下，用水清洗。用软布完全擦干后再装回头显。\n将遮光罩上的凸点与头显上的13个孔对齐，重新安装即可。 <PIC>\n\n希望以上解答能够帮到您，若有任何不明白的地方，随时欢迎您再来咨询哦！祝您生活愉快！, [""Manual38_5""]"
198,"您好！很高兴为您解答关于PS VR游玩区域的问题哦。\n\n根据官方手册的说明，游玩区域的尺寸是这样规定的呢：\n\n# 游玩区域\n请在游玩区域内使用PS VR。游玩区域的高度取决于摄像头的捕捉范围。游玩区域的宽度和深度如下。\n摄像头 <PIC> ：摄像头捕捉范围\n使用前，请检查并清理大于游玩区域的活动空间。\n\n另外，为了确保安全，使用前请务必检查并清理大于游玩区域的活动空间，清除所有障碍物，并远离墙壁、楼梯、家具或其他可能导致碰撞或绊倒的障碍物哦。\n\n希望以上解答能够帮到您，若有任何不明白的地方，随时欢迎您再来咨询哦！祝您生活愉快！, [""Manual38_0""]"
199,您好！很高兴为您解答关于VR头显使用安全的问题哦。为了确保您的安全和设备的使用寿命，官方手册中提供了非常详细的安全预防措施，请您务必仔细阅读并遵守呢。\n\n根据手册说明，使用前请先检查并清理大于游玩区域的活动空间，清除所有障碍物，确保远离墙壁、楼梯、家具或其他可能导致碰撞或绊倒的障碍物。佩戴VR头显时，请待在游玩区域中央，切勿随意走动，尽可能保持坐姿，避免头部、四肢或身体做出剧烈或过度动作。若应用程序要求您佩戴头显时站立，请务必严格遵循应用程序的指示。开始游玩前，检查VR头显线缆是否缠绕在身体或四肢上，并在游玩过程中经常检查。\n\n此外，以下情况请**立即停止使用**并咨询医生：头晕、视觉异常、眼睛或肌肉抽搐、意识丧失、方向障碍、癫痫发作，或任何不自主运动及抽搐。部分人可能会出现晕动症、恶心、方向障碍、视力模糊或其他不适症状，若出现此类情况，请立即停止使用并摘下VR头显。使用后若感到不适，请休息，且不要从事需要良好视力、平衡感或协调能力的活动，直至症状完全消失。\n\n当您感到疲劳或需要睡眠时，请勿使用PS VR。请勿在可能发生震动或其他不稳定的环境中使用。适应虚拟现实体验可能需要一定时间，初次使用时建议短时间使用。通常建议每游玩1小时，休息15分钟，但休息时长和频率因人而异，请休息至不适感完全消退为止。\n\n另外，VR头显不适用于12岁以下儿童。若您感到疲劳、头晕、头昏、恶心、身体不适、处于醉酒或服药状态，或运动感、平衡感受损，请勿使用。若您患有严重疾病，使用前请咨询医生。\n\n希望以上解答能够帮到您，若有任何不明白的地方，随时欢迎您再来咨询哦！祝您生活愉快！
200,您好！很高兴为您解答关于功能键盘保修政策的问题哦。\n\n根据官方手册中的说明，关于功能键盘的保修政策，为您查到以下核心内容：\n\n首先，关于保修包含的内容，手册中是这样说明的：\n【文献-1】: # 9.2 全球保修政策 本全球保修政策适用于您所购买的产品。\n\n另外，关于具体的退货/换货政策，手册中提到：\n【文献-6】: # X. 官网退货/换货政策 本保修范围内的合格产品，仅在获得授权RMA编号且于购买30天内退回官网库存时，方可享受全额退款或换货。购买超过30天不予退货。官网保留拒绝任何退货或换货的权利。退款将按原支付方式退回。如需发起退货，只需通过售后支持网站提交申请即可。\n\n关于保修期限，手册中说明：\n【文献-7】: # I. 保修期限 任何更换产品的保修期限为剩余保修期或三十天，以较长者为准。享受保修服务需提供购买凭证。\n\n不过，关于保修具体不包含哪些内容（例如意外损坏、正常磨损、不当使用等），在您提供的知识库中并未明确提及哦。如果您需要更详细的除外责任说明，建议您查阅产品随附的完整保修卡或联系我们的官方售后支持团队，他们会为您提供最准确的解答哈。\n\n希望以上解答能够帮到您，若有任何不明白的地方，随时欢迎您再来咨询哦！祝您生活愉快！
201,您好！很高兴为您解答关于功能键盘保修政策中损害赔偿免责声明的问题哦。\n\n根据官方手册中的说明，关于损害赔偿的免责条款，是这样描述的：\n\n> # IV. 损害免责条款 本保修项下我们的唯一义务与责任，仅限于自行选择以全新或翻新、功能相近且价值相等或更高的产品维修或更换故障产品。在任何情况下，我们均不对任何间接或继发性损害承担责任，包括但不限于服务中断、数据丢失、业务损失，或因本产品或其使用、持有相关的民事侵权责任。\n\n希望以上解答能够帮到您，若有任何不明白的地方，随时欢迎您再来咨询哦！祝您生活愉快！
202,"您好！很高兴为您解答关于功能键盘设置的问题哦。\n\n根据官方手册的说明，功能键盘的设置主要分为两种模式：一种是搭配CAM软件进行自定义设置，另一种是在硬件模式下直接使用已存储的配置。以下是具体的操作指引哈：\n\n**1. 搭配CAM软件设置（推荐用于自定义灯光、宏命令等）：**\n通过CAM软件中键盘/灯光设置界面，您可逐键自定义灯光，并按需将灯光设置保存至配置文件。具体步骤如下：\n- 首先，请确保您已安装并打开CAM软件。\n- 在CAM软件中找到键盘/灯光设置界面，您可以在这里逐键自定义RGB灯光效果。\n- 设置完成后，将灯光设置保存至配置文件（详见手册B部分）。\n\n**2. 在硬件模式下使用已存储的配置：**\n本功能键盘自带四个板载配置文件，可通过CAM软件设置并保存。配置信息保存后，无需运行CAM即可使用已存储的灯光、宏命令等功能。也就是说，您只需通过CAM软件设置好一次，之后即使不打开CAM软件，键盘也能直接调用您保存的配置哦。\n\n另外，关于键盘的硬件特性，官方手册中是这样描述的：\n> # 2. 关于功能键盘 本功能键盘专为打造PC电竞桌面核心而设计。全键位热插拔机械轴体与100%标准底行设计，支持全面自定义与个性化设置。 <PIC>\n\n希望以上解答能够帮到您，若有任何不明白的地方，随时欢迎您再来咨询哦！祝您生活愉快！, [""Manual21_2""]"
203,"您好！很高兴为您解答关于功能键盘轴体拆卸和重新安装的问题哦。\n\n为您查到，官方手册中是这样说明的：\n\n**拆卸轴体：**\n使用附赠的拔轴器，从顶部夹住轴体，将工具两端沿轴体前后方向放置。轴体由两个卡扣固定在定位板上，按下卡扣即可拆卸。注意工具请勿刮擦上盖面板，无需从轴体下方撬动。仅需夹住轴体外壳底部两侧即可。\n<PIC>\n\n**重新安装轴体：**\n安装轴体前，请确保所有针脚笔直，无弯曲或折向轴底外壳的情况。目视检查轴体上的两个金属针脚与键盘上的轴座插孔对应。垂直向下用力将轴体插入键盘插槽。正确插入后，轴体外壳两侧应紧贴键盘上盖面板。\n<PIC>\n\n希望以上解答能够帮到您，若有任何不明白的地方，随时欢迎您再来咨询哦！祝您生活愉快！, [""Manual21_14"", ""Manual21_15""]"
204,"您好！很高兴为您解答关于功能键盘搭配CAM软件使用的问题哦。\n\n根据官方手册的说明，具体操作步骤如下：\n\n首先，您需要前往官网下载并安装最新版的CAM软件。\n\n然后，本功能键盘自带四个板载配置文件，可通过CAM软件设置并保存。配置信息保存后，无需运行CAM即可使用已存储的灯光、宏命令等功能呢。\n\n希望以上解答能够帮到您，若有任何不明白的地方，随时欢迎您再来咨询哦！祝您生活愉快！ 请参考以下相关插图：<PIC>, [""Manual21_2""]"
205,您好！很高兴为您解答关于功能键盘在硬件模式下使用的问题哦。\n\n为您查到，关于如何在硬件模式下使用功能键盘，官方手册中是这样说明的：\n\n# 8. 在硬件模式下使用键盘\n\n希望以上解答能够帮到您，若有任何不明白的地方，随时欢迎您再来咨询哦！祝您生活愉快！
206,"您好！很高兴为您解答关于儿童电动摩托车挡泥板安装的问题哦。\n\n根据官方手册，安装挡泥板的步骤如下：\n\n1. 按照步骤1所示，将挡泥板侧转，然后向上滑入左侧把手管。注意！请勿让“凸点”卡入1号孔。  \n <PIC> \n2. 按照步骤2所示，安装挡泥板，使“凸点”卡入2号孔。  \n <PIC>\n\n希望以上解答能够帮到您，若有任何不明白的地方，随时欢迎您再来咨询哦！祝您生活愉快！, [""rideon_motorcycle_01"", ""rideon_motorcycle_02""]"
207,"您好！很高兴为您解答关于儿童电动摩托车前轮安装的问题哦。\n\n根据官方手册的说明，安装前轮的具体步骤如下：\n\n**3. 安装前轮。**  \n<PIC>\n· 按照步骤1所示，将前轴穿过两侧把手管及前轮，两侧把手管内外均需安装垫片。  \n· 使用两个螺母将前轴及车轮固定在把手管上，使用随产品提供的扳手拧紧螺母直至螺纹尽头。  \n<PIC>\n**间隙**  \n注意：前轮及前轴组装完成后，请检查车轮与把手管之间的间隙。若间隙过大、车轮定位不稳，建议在车轮与把手管之间加装额外垫片（不随产品提供）。加装垫片并重新安装前轴后，检查间隙是否最小化，同时确保车轮可自由转动。若车轮卡死，则减少一片垫片。\n\n希望以上解答能够帮到您，若有任何不明白的地方，随时欢迎您再来咨询哦！祝您生活愉快！, [""Manual26_6"", ""Manual26_7""]"
208,"您好！很高兴为您解答关于蓝牙激光鼠标电池安装的问题哦。\n\n为您查到，官方手册中是这样说明的：\n\n# 2. 安装电池 鼠标需使用两节 AA 型号电池。请按照以下步骤安装电池。 \n1. 按下按钮，电池仓盖弹出。  <PIC>  2. 按照鼠标内部标注的正负极（+ 和 -）装入两节 AA 电池。  <PIC>  3. 装回电池仓盖  <PIC>\n\n希望以上解答能够帮到您，若有任何不明白的地方，随时欢迎您再来咨询哦！祝您生活愉快！, [""Manual27_1"", ""Manual27_2"", ""Manual27_3""]"
209,"您好！很高兴为您解答关于蓝牙激光鼠标驱动安装的问题哦。\n\n为您查到，关于安装WIDCOMM蓝牙驱动程序，官方手册中是这样说明的：\n\n# 3 WIDCOMM 蓝牙驱动程序的安装与卸载 3.1 安装 WIDCOMM 蓝牙驱动程序 安装 WIDCOMM 蓝牙驱动程序前，请将 USB 蓝牙接收器插入电脑的 USB 接口。 1. 将附带的安装光盘放入光驱。 2. 驱动程序将自动加载。若未自动加载，请双击光驱中 bin 文件夹内的 Setup.exe。 3. 欢迎界面将引导您完成安装。点击 “下一步” 继续。  <PIC>  4. 阅读协议并选择 “我接受许可协议中的条款”。点击 “下一步” 继续。  <PIC>  \n5. 程序将安装至图示文件夹。点击 “更改” 可选择其他安装路径。点击 “下一步” 继续。  <PIC>  6. 点击 “安装” 开始安装。安装过程可能需要一些时间。  <PIC>  7. 出现以下界面表示安装完成。  <PIC>  \n8. 拔下接收器重新插入，鼠标将自动配对。点击 “完成” 退出安装。 系统将提示您重启电脑以使蓝牙驱动生效。点击 “是” 立即重启，或 “否” 稍后重启。  <PIC>\n\n希望以上解答能够帮到您，若有任何不明白的地方，随时欢迎您再来咨询哦！祝您生活愉快！, [""Manual27_4"", ""Manual27_5"", ""Manual27_6"", ""Manual27_7"", ""Manual27_8"", ""Manual27_9""]"
210,您好！很高兴为您解答关于卸载WIDCOMM蓝牙驱动程序的问题哦。\n\n根据官方手册中的说明，卸载步骤如下：\n\n1. 拔下 USB 蓝牙接收器。\n2. 点击 开始 > 设置 > 控制面板 > 添加或删除程序。\n3. 在程序列表中选择 WIDCOMM 蓝牙软件，点击 “删除”\n4. 系统开始卸载程序，此过程可能需要一些时间。\n5. 程序卸载完成后，系统将提示重启电脑。点击 “是” 立即重启，或 “否” 稍后重启。\n\n希望以上解答能够帮到您，若有任何不明白的地方，随时欢迎您再来咨询哦！祝您生活愉快！
211,"您好！很高兴为您解答关于蓝牙激光鼠标在Windows系统中快速配对的问题哦。\n\n根据官方手册，为您查到以下详细步骤：\n\n1. 将 USB 蓝牙接收器插入电脑的 USB 接口。\n2. 按下鼠标底部的配对按钮。\n   <PIC>\n3. 按下 USB 蓝牙接收器底部的按钮，直至 LED 指示灯每秒闪烁一次。这表示蓝牙接收器已开始搜索待配对设备。（本款鼠标不含接收器销售。）\n   <PIC>\n4. 移动鼠标以确认连接成功。\n\n希望以上解答能够帮到您，若有任何不明白的地方，随时欢迎您再来咨询哦！祝您生活愉快！, [""Manual27_10"", ""Manual27_11""]"
212,"您好！很高兴为您解答关于通过WIDCOMM蓝牙驱动程序为蓝牙激光鼠标设置配对的问题哦。\n\n为您查到，官方手册中是这样说明的：\n\n使用蓝牙驱动程序进行鼠标配对前，请先按照 “3 WIDCOMM 蓝牙驱动程序的安装与卸载” 中的说明安装驱动程序。然后按照以下步骤操作。\n\n1. 按下 USB 蓝牙接收器按钮，直至出现人机接口设备（HID）界面。  \n<PIC>  \n2. 鼠标连接成功后，将出现以下确认信息。点击确认连接正确的鼠标。  \n<PIC>\n\n希望以上解答能够帮到您，若有任何不明白的地方，随时欢迎您再来咨询哦！祝您生活愉快！, [""Manual27_12"", ""Manual27_13""]"
213,"您好！很高兴为您解答关于蓝牙激光鼠标电量状态的问题哦。\n\n为您查到，官方手册中是这样说明的：\n\n# 5.1 激光鼠标电量状态 蓝牙鼠标配备电量 LED 指示灯。当电量耗尽时，LED 指示灯变为琥珀色。请立即更换电池。（顶部 LED 指示灯与底部指示灯状态一致）  <PIC>  如需查看更详细的鼠标电量信息，请前往 控制面板 > 鼠标 > 蓝牙。  <PIC>\n\n希望以上解答能够帮到您，若有任何不明白的地方，随时欢迎您再来咨询哦！祝您生活愉快！, [""Manual27_14"", ""Manual27_15""]"
214,"您好！很高兴为您解答关于首次使用蓝牙激光鼠标驱动程序的问题哦。\n\n根据官方手册的说明，首次使用蓝牙驱动程序时，请按照以下步骤操作：\n\n首先，请确保您已经按照手册中的说明完成了驱动程序的安装。然后，双击系统托盘中的蓝牙图标，即可开始使用驱动程序。\n\n<PIC>\n\n1. 蓝牙初始配置向导将启动。请按照屏幕上的说明完成配置。\n2. 蓝牙配置完成后，将出现以下 HID 界面并开始搜索蓝牙设备。\n\n<PIC>\n\n3. 点击您要连接的 HID 设备。然后按照屏幕上的说明启用所选设备。\n\n希望以上解答能够帮到您，若有任何不明白的地方，随时欢迎您再来咨询哦！祝您生活愉快！, [""Manual27_16"", ""Manual27_17""]"
215,"您好！很高兴为您解答关于蓝牙激光鼠标连接其他人机接口设备的问题哦。\n\n根据官方手册的说明，您可以通过蓝牙驱动程序来连接其他蓝牙设备，具体步骤如下：\n\n1. 确保 USB 蓝牙接收器已插入电脑。\n2. 将您要连接的蓝牙设备（如打印机、调制解调器、掌上电脑）设置为可被蓝牙驱动程序搜索。\n3. 按下 USB 蓝牙接收器按钮，直至出现以下 HID 界面。\n4. 从下拉菜单中选择要搜索的设备类型。\n  <PIC>\n5. 将显示检测到的设备。点击设备，驱动程序将引导您启用连接。\n\n希望以上解答能够帮到您，若有任何不明白的地方，随时欢迎您再来咨询哦！祝您生活愉快！, [""Manual27_18""]"
216,"您好！很高兴为您解答关于拆卸烤箱门的问题哦。\n\n根据官方手册，拆卸烤箱门的具体步骤如下：\n\n1. 完全打开烤箱门。\n2. 抬起卡扣并向前推至极限位置（图1）。\n <PIC>\n3. 将烤箱门关至最大角度（A），向上抬起（B）并转动（C）直至脱开（D）（图2）。\n <PIC>\n\n**温馨提醒**：执行操作前，请确保烤箱已冷却，并佩戴好防护手套哦。维护前也请务必断开电源。\n\n希望以上解答能够帮到您，若有任何不明白的地方，随时欢迎您再来咨询哦！祝您生活愉快！, [""oven_01"", ""oven_02""]"
217,"您好！很高兴为您解答关于烤箱门安装的问题哦。\n\n根据官方手册，安装烤箱门的步骤如下：\n\n执行以下操作前，请确保烤箱已冷却。维护前请断开电源。\n\n**安装门体：**\n1. 将铰链装入对应位置。\n2. 完全打开烤箱门。\n3. 放下两个卡扣。\n4. 关闭烤箱门。\n\n<PIC>\n<PIC>\n\n希望以上解答能够帮到您，若有任何不明白的地方，随时欢迎您再来咨询哦！祝您生活愉快！, [""oven_01"", ""oven_02""]"
218,"您好！很高兴为您解答关于如何移动烤箱顶部加热元件的问题哦。\n\n根据官方手册的说明，对于部分型号的烤箱，移动顶部加热元件的步骤如下：\n\n1. 取下侧边配件支架格栅（图3）。\n   <PIC>\n2. 轻轻拉出加热元件（图4）并向下放下（图5）。\n   <PIC>\n   <PIC>\n3. 复位时，抬起加热元件并轻轻向自身方向拉动，确保其支撑在侧支架上。\n\n希望以上解答能够帮到您，若有任何不明白的地方，随时欢迎您再来咨询哦！祝您生活愉快！, [""oven_03"", ""oven_04"", ""oven_05""]"
219,"您好！很高兴为您解答关于更换烤箱后部灯的问题哦。\n\n根据官方手册，更换后部灯（如有）的步骤如下：\n\n1.  **断开烤箱电源**：首先，请务必断开烤箱的电源，确保安全。\n2.  **拧下灯罩**：找到后部灯的位置，小心地拧下灯罩（如图6所示）。\n    <PIC>\n3.  **更换灯泡**：取出旧灯泡，更换上新的灯泡。请注意，必须使用**25‑40W/230V E‑14、耐温300℃的白炽灯**哦。灯泡可从售后服务中心购买。\n4.  **拧回灯罩**：更换好灯泡后，将灯罩重新拧回原位（如图7所示）。\n    <PIC>\n5.  **重新接通电源**：最后，重新接通烤箱电源即可。\n\n**重要提示**：在灯罩复位前，请勿使用烤箱哦。\n\n希望以上解答能够帮到您，若有任何不明白的地方，随时欢迎您再来咨询哦！祝您生活愉快！, [""oven_06"", ""oven_07""]"
220,"您好！很高兴为您解答关于烤箱接油盘的使用问题哦。\n\n根据官方手册中的说明，接油盘的使用方法如下：\n\n> # 接油盘（图1）\n> 放置在烤架下方用于收集油脂和食物碎屑，也可作为烤盘烹饪肉类、鸡肉、鱼类等，可搭配蔬菜使用。向接油盘中倒入少量水，避免油脂飞溅及冒烟。\n>  <PIC>\n\n简单来说，接油盘主要有两个用途：\n1.  **作为接油盘**：放在烤架下方，用来收集烹饪过程中滴落的油脂和食物碎屑，保持烤箱内部清洁。\n2.  **作为烤盘**：可以直接用它来烹饪肉类、鸡肉、鱼类等食物，还可以搭配蔬菜一起烤哦。\n\n**一个小技巧**：在使用时，建议向接油盘中倒入少量水，这样可以有效避免油脂飞溅和冒烟，让烹饪过程更省心呢。\n\n希望以上解答能够帮到您，若有任何不明白的地方，随时欢迎您再来咨询哦！祝您生活愉快！, [""oven_08""]"
221,"您好！很高兴为您解答关于清洁烤箱外部的问题哦。\n\n根据官方手册中的说明，清洁烤箱外部时，请遵循以下步骤：\n\n<PIC>\n\n**烤箱外部**\n重要提示：请勿使用腐蚀性或研磨性清洁剂。若此类产品意外接触设备，请立即用湿布擦拭。\n• 用湿布清洁表面。若污渍严重，可在水中加入几滴洗洁精，最后用干布擦干。\n\n希望以上解答能够帮到您，若有任何不明白的地方，随时欢迎您再来咨询哦！祝您生活愉快！, [""Manual28_6""]"
222,"您好！很高兴为您解答关于烤箱烤架的使用问题哦。\n\n根据官方手册中的说明，烤架的使用方法如下：\n\n烤架（图3）用于烧烤食物，或作为锅具、蛋糕模及其他烹饪容器的支架。可放置在任意可用层位。烤架可凸面朝上或朝下安装。\n <PIC>\n\n希望以上解答能够帮到您，若有任何不明白的地方，随时欢迎您再来咨询哦！祝您生活愉快！, [""oven_10""]"
223,"您好！很高兴为您解答关于烤箱催化侧面板的问题哦。\n\n为您查到，官方手册中是这样说明的：\n\n# 催化侧面板（图4）\n该面板带有特殊微孔搪瓷涂层，可吸附油脂飞溅物。烹饪油脂较多的食物后，建议执行自动清洁程序（参见清洁章节）。\n\n<PIC>\n\n简单来说，催化侧面板的作用就是利用其特殊的微孔搪瓷涂层，在高温下自动吸附并分解烹饪时飞溅出来的油脂，从而帮助保持烤箱内部的清洁，减少您手动清洁的麻烦呢。烹饪油脂较多的食物后，建议配合自动清洁程序使用，效果会更好哦。\n\n希望以上解答能够帮到您，若有任何不明白的地方，随时欢迎您再来咨询哦！祝您生活愉快！, [""oven_11""]"
224,"您好！很高兴为您解答关于烤箱烤盘的使用问题哦。\n\n为您查到，关于烤盘的使用，官方手册中是这样说明的：\n\n烤盘（图2） 用于烘焙饼干、蛋糕及披萨。\n <PIC> \n\n希望以上解答能够帮到您，若有任何不明白的地方，随时欢迎您再来咨询哦！祝您生活愉快！, [""oven_09""]"
225,"您好！很高兴为您解答关于烤箱烤架烤盘套装的使用问题哦。\n\n根据官方手册的说明，烤架烤盘套装的使用方法如下：\n\n> 烤架烤盘套装（图6） 套装包含烤架（6a）和搪瓷容器（6b）。本套装需放置在烤架（3）上，并配合烧烤功能使用。\n\n<PIC>\n\n希望以上解答能够帮到您，若有任何不明白的地方，随时欢迎您再来咨询哦！祝您生活愉快！, [""oven_13""]"
226,"您好！很高兴为您解答关于烤箱油脂过滤器使用的问题哦。\n\n根据官方手册中的说明，油脂过滤器的使用方法如下：\n\n油脂过滤器（图7） 仅用于油脂较多的烹饪。挂在烤箱腔体后壁、风扇对面位置。可洗碗机清洗，可配合热风循环功能使用。\n <PIC>\n\n希望以上解答能够帮到您，若有任何不明白的地方，随时欢迎您再来咨询哦！祝您生活愉快！, [""oven_14""]"
227,"您好！很高兴为您解答关于烤箱滑动搁架的使用问题哦。\n\n根据官方手册中的说明，滑动搁架的使用方法如下：\n\n滑动搁架（图8）\n烹饪过程中可将烤架与接油盘半拉出。适用于所有配件，可洗碗机清洗。\n <PIC>\n\n希望以上解答能够帮到您，若有任何不明白的地方，随时欢迎您再来咨询哦！祝您生活愉快！, [""oven_15""]"
228,"您好！很高兴为您解答关于为混合即时相机安装肩带的问题哦。\n\n根据官方手册的说明，安装肩带的步骤如下：\n\n首先，将肩带卡扣安装到相机上，然后安装肩带。具体操作是：打开肩带卡扣，使用卡扣安装工具按图示打开肩带卡扣。\n<PIC>\n请妥善保管该工具。拆卸肩带时需要用它打开卡扣。\n\n接着，将肩带卡扣安装到每个挂绳环上：将挂绳环钩入卡扣开口，用另一只手按住卡扣，取出工具。\n<PIC>\n\n然后，将卡扣穿过每个挂绳环：将卡扣完全旋转穿过挂绳环，直至咔哒闭合。\n<PIC>\n\n最后，将肩带穿过每个卡扣。\n<PIC>\n\n另外，还有几点注意事项需要提醒您哦：\n• 肩带仅作肩带使用，请勿将肩带套在脖子上。\n• 注意肩带不要遮挡相纸出口。\n• 安装肩带时，挂绳环可能会磨损或褪色。\n\n希望以上解答能够帮到您，若有任何不明白的地方，随时欢迎您再来咨询哦！祝您生活愉快！, [""Manual29_12"", ""hybrid_instant_camera_03"", ""hybrid_instant_camera_04"", ""hybrid_instant_camera_05""]"
229,"您好！很高兴为您解答关于为混合即时相机装入电池的问题哦。\n\n根据官方手册中的说明，具体操作步骤如下：\n\n# 装入电池  <PIC> \n滑动电池盖将其打开。  <PIC> \n按照电池上的箭头指示装入电池。 确保电池上的黄线与相机上的标记对齐。• 取出电池时，将电池锁扣推向一侧，然后将电池滑出相机。  <PIC> \n关闭电池盖。 电池充电 注意安装方向。\n <PIC>  使用随附的USB线将相机与智能手机专用交流电源适配器连接，然后将交流电源适配器插入室内电源插座。\n• 使用符合以下额定输出的交流电源适配器：直流5.0伏/1000毫安 • 充电过程中可以拍摄或打印图像。 • 充电时间约为三到四小时。\n\n希望以上解答能够帮到您，若有任何不明白的地方，随时欢迎您再来咨询哦！祝您生活愉快！, [""Manual29_13"", ""Manual29_14"", ""Manual29_15"", ""Manual29_16""]"
230,"您好！很高兴为您解答关于如何为混合即时相机装入相纸盒的问题哦。\n\n根据官方手册中的说明，操作步骤如下：\n\n<PIC> \n按住相仓锁按钮（1），然后将拨杆向右滑动（$\boxdot$），直至相仓略微打开。\n\n<PIC> \n握住相纸盒两侧，将相纸盒底部对准相仓凹槽（$\boxdot$），然后平直插入（2）。\n\n<PIC> 关闭后盖。 确保后盖锁咔哒到位。\n\n<PIC> 关闭后盖时，黑色相纸保护盖会自动弹出。 从相纸出口取出相纸保护盖。\n\n希望以上解答能够帮到您，若有任何不明白的地方，随时欢迎您再来咨询哦！祝您生活愉快！, [""Manual29_26"", ""Manual29_27"", ""hybrid_instant_camera_01"", ""hybrid_instant_camera_02""]"
231,"您好！很高兴为您解答关于如何为混合即时相机取出用完的相纸盒的问题哦。\n\n为您查到，官方手册中是这样说明的：\n\n取出用完的相纸盒\n相纸用完时，拍摄画面右侧的所有点会以灰色显示。（第52页）\n取出相纸盒。\n\n <PIC> \n按住相仓锁按钮（1），然后将拨杆向右滑动（$\boxdot$），直至相仓略微打开。\n\n <PIC> \n握住相纸盒上的矩形孔，然后平直拉出。\n\n希望以上解答能够帮到您，若有任何不明白的地方，随时欢迎您再来咨询哦！祝您生活愉快！, [""Manual29_28"", ""Manual29_29""]"
232,"您好！很高兴为您解答关于设置混合即时相机自动打印模式的问题哦。\n\n为您查到，关于自动打印模式的设置，官方手册中是这样说明的：\n\n■ 自动打印模式\n将侧面的打印模式选择器切换到“AUTO”。\n <PIC>  拍摄画面上会出现以下图标。\n <PIC>  图像保存后立即开始打印。\n <PIC>\n\n希望以上解答能够帮到您，若有任何不明白的地方，随时欢迎您再来咨询哦！祝您生活愉快！, [""Manual29_30"", ""Manual29_31"", ""Manual29_32""]"
233,"您好！很高兴为您解答关于相机手动打印模式的设置问题哦。\n\n为您查到，关于手动打印模式的初始设置，官方手册中是这样说明的：\n\n# ■ 手动打印模式（默认设置） 将侧面的打印模式选择器切换到“MANUAL”。\n <PIC>  拍摄画面上会出现以下图标。\n <PIC>  图像保存到内存中，您可稍后选择并打印，而非立即打印。\n <PIC>\n\n希望以上解答能够帮到您，若有任何不明白的地方，随时欢迎您再来咨询哦！祝您生活愉快！, [""Manual29_33"", ""Manual29_34"", ""Manual29_35""]"
234,"您好！很高兴为您解答关于如何使用混合即时相机拍摄照片的问题哦。\n\n根据官方手册中的说明，拍摄照片的基本操作是这样的：\n\n# 拍摄照片 本节介绍基本拍摄操作。 顺时针转动镜头环（电源开关）开机。\n <PIC>  手持相机并确认最终图像的构图。\n <PIC>  选择拍摄模式或进行图像效果设置。（第53至57页） 半按快门对焦。\n• 对焦成功：相机发出蜂鸣声，显示屏上出现绿色对焦框。 • 对焦失败：显示屏上出现红色对焦框。 更改构图或使用对焦锁定。（第55页） 完全按下快门拍摄照片。\n照片拍摄完成并保存到相机内存。 • 若打印模式设为自动打印模式，图像将被打印。（第49页） • 拍摄时，请双手持机，肘部抵住身体。 • 按下快门时，注意不要触碰镜头表面。 • 完全按下快门时，请轻按。 • 注意手指或肩带不要遮挡闪光灯、镜头或相纸出口。 • 光线不足时，拍摄可能会触发闪光灯。您可更改闪光灯设置关闭闪光。（第56页）\n\n希望以上解答能够帮到您，若有任何不明白的地方，随时欢迎您再来咨询哦！祝您生活愉快！, [""Manual29_36"", ""Manual29_37""]"
241,"Hello! I would be very happy to help you with your question regarding the first-time use of your Airfryer.\n\nBased on the retrieved knowledge base, here are the steps you should follow before using your Airfryer for the first time:\n\n**Before first use**\n1.  Remove all packing material.\n2.  Remove any stickers or labels (if available) from the appliance.\n3.  Thoroughly clean the appliance before first use, as indicated in the cleaning chapter.\n\nAdditionally, please note that it is normal for the appliance to produce some smoke when you use it for the first time. Preheating of the appliance is not necessary.\n\nI hope this helpful information resolves your query! If you have any further questions or need additional assistance, please feel free to reach out to us at any time. Wishing you a wonderful day! Please refer to the following related illustrations: <PIC>, [""Manual09_19"", ""Manual09_18"", ""Boat_02""]"
242,"Hello! I would be very happy to help you with your question regarding the approval label of the emission control certificate.\n\nBased on the retrieved knowledge base content, there are two locations where this label can be found:\n\n1. **For the engine unit and engine compartment:** The label is attached to each engine unit and to the inside of the engine compartment. The manual states:  \n   *""These labels are attached to each engine unit and to the inside of the engine compartment. (See page 56 for engine hood opening and closing procedures.)""*  \n   <PIC>  \n   <PIC>\n\n2. **For the electrical box and crankcase:** The label is also attached to the electrical box and the exhaust side of the crankcase. The manual states:  \n   *""This label is attached to the electrical box and the exhaust side of the crankcase.""*  \n   <PIC>  \n   <PIC>\n\nPlease check both the engine compartment (after opening the engine hood) and the electrical box/exhaust side of the crankcase to locate the approval label. If you need assistance with opening the engine hood, please refer to page 56 of your manual.\n\nI hope this helpful information resolves your query! If you have any further questions or need additional assistance, please feel free to reach out to us at any time. Wishing you a wonderful day!, [""Manual09_6"", ""Manual09_7"", ""Manual20_4"", ""Manual20_5""]"
243,"Hello! I would be very happy to help you with your question regarding the battery conversion feature before sailing.\n\nBased on the retrieved knowledge base, the feature you are referring to is the **Battery switches**. Here is the information you need:\n\nThe batteries and switch assembly are located in the battery compartment. This boat uses two marine batteries: one designated as the start battery (for the starter motor) and the other as the house battery (for accessory circuits like lighting, bilge pump, blowers, and audio system).\n\n<PIC>\n\nThere are three switches on the battery switch assembly: the “START” switch, “HOUSE” switch, and “EMERG PARALLEL” switch.\n\n<PIC>\n\n<PIC>\n\n**To use the battery switches before sailing:**\n\nIn normal operation, keep the **“START”** and **“HOUSE”** switches in the **ON position**. Keep the **“EMERG PARALLEL”** switch in the **OFF position**. This setting allows both batteries to be charged automatically while the engine is running.\n\n**Important notice:** Do not turn the “HOUSE” switch to the OFF position if the boat is moored in the water as it will prevent the anchor light from functioning.\n\nIf the start battery is discharged, turn the **“EMERG PARALLEL”** switch to the ON position to start the engine. Once the engine is started or the start battery is charged, turn the “EMERG PARALLEL” switch back to the OFF position.\n\nI hope this helpful information resolves your query! If you have any further questions or need additional assistance, please feel free to reach out to us at any time. Wishing you a wonderful day!, [""Manual09_42"", ""Manual09_43"", ""Manual09_44""]"
244,"Hello! I would be very happy to help you with your question regarding how the ship steers.\n\nBased on the retrieved knowledge base content, here is the information about steering your watercraft:\n\nYour watercraft can be steered by turning the handlebars in the same direction you wish to travel. When the handlebars are turned, the angle of the jet thrust nozzle is changed, and the direction of the watercraft is changed accordingly. Since the strength of the jet thrust determines the speed and direction of a turn, the throttle must always be open when attempting a turn, except at trolling speed.\n\n<PIC>\n\nAdditionally, it is important to note that moving the remote control lever completely back to idle or the neutral position produces only minimum thrust. If you are traveling at speeds above trolling, you will have rapidly decreasing ability to steer without throttle. You may still have some turning ability immediately after moving the remote control lever back to idle, but once the engine slows down, the boat will no longer respond to steering wheel input until you apply throttle again or you reach a trolling speed.\n\n<PIC>\n\nI hope this helpful information resolves your query! If you have any further questions or need additional assistance, please feel free to reach out to us at any time. Wishing you a wonderful day!, [""Manual20_50"", ""Manual09_25""]"
245,"Hello! I am very sorry for any inconvenience caused by this issue. I would be very happy to help you with your question regarding the over temperature warning on your boat.\n\nBased on the retrieved knowledge base, here is the information you need:\n\nIf the engines start to overheat, a warning will appear on the multifunction display and the buzzer will sound. If an engine is overheating, “Over Temperature” will be displayed. At the same time, the engine speed is automatically limited to help prevent damage. If this occurs, immediately reduce the engine speed, return to shore or maneuver to a safe location, and check for water discharge at the cooling water pilot outlets. There are cooling water pilot outlets on the starboard side of the hull. Check that water comes out of the outlets while the engines are running, particularly while applying throttle. If you do not see any water at the outlets, cooling water may not be circulating in the engines.\n\n<PIC>\n\nAdditionally, if the cause of overheating cannot be found and corrected, please take special precautions to avoid major engine damage while you return to shore:\n- **Single engine overheating** — Shut off the overheating engine and use the properly running engine to return to shore. Operate at no-wake speed (8 km/h, 5 mph) to prevent water from flooding the non-operating engine through the water intake.\n- **Both engines overheating** — If getting a tow from another vessel is not possible, operate both engines just slightly above idle while you return to shore. If you can be towed, refer to “Towing the boat” in your manual.\n\n<PIC>\n\nI hope this helpful information resolves your query! If you have any further questions or need additional assistance, please feel free to reach out to us at any time. Wishing you a wonderful day!, [""Manual09_95"", ""Manual09_96""]"
246,"Hello! I would be very happy to help you with your question regarding listening to music on your phone.\n\nBased on the retrieved knowledge base content, to listen to music on your phone, you can use the **music app** feature. Here are the steps:\n\nTo activate the music app, press and hold the button until the first beep, then let go. The music app will resume playback where you left off. If there was no previous session or to play other music, simply tap again and the music app will play songs it thinks you’ll like.\n\n<PIC>\n\nAdditionally, if you want to adjust the sound volume during a call or while listening, you can press the volume buttons ( / ) to adjust the earpiece/speaker volume.\n\nI hope this helpful information resolves your query! If you have any further questions or need additional assistance, please feel free to reach out to us at any time. Wishing you a wonderful day!, [""earphones_01""]"
247,"Hello! Regarding your inquiry about 'How do I use the storage compartmen...', I'm very sorry, but I couldn't find any information or mention of this in our official product manuals or knowledge base. I recommend reaching out directly to our live customer support team for further assistance. Thank you so much for your understanding! Please refer to the following related illustrations: <PIC>, [""Manual09_16"", ""Manual09_15"", ""Manual09_14""]"
248,"Hello! I would be very happy to help you with your question regarding how to open the battery compartment on your boat.\n\nBased on the retrieved knowledge base, here are the clear steps to open the battery compartment:\n\nThe battery compartment is located on the port side of the boat at the stern. To open it, please follow these steps:\n\n1. **Unhook the latch** located on the battery compartment lid.\n2. **Open the battery compartment lid**.\n\n<PIC>\n\n1 Battery compartment lid  \n2 Latch\n\n<PIC>\n\n1 Battery compartment\n\nPlease note that before operating the battery compartment, ensure the battery switch is turned to the OFF position for safety. Also, do not carry any flammable substances or heavy metal items in the compartment to avoid damage or short circuits.\n\nI hope this helpful information resolves your query! If you have any further questions or need additional assistance, please feel free to reach out to us at any time. Wishing you a wonderful day!, [""Manual09_157"", ""Manual09_158""]"
249,"Hello! I would be very happy to help you with your question regarding the anchor light installation on your boat.\n\nBased on the retrieved knowledge base content, I need to clarify an important safety point: the anchor light is designed for use when the boat is **moored or anchored**, not while it is moving. According to the manual:\n\n> **Navigation and anchor lights switch**  \n> This toggle switch controls the bow light and anchor light. Push the upper side of the switch to turn on both the bow light and anchor light for night running (“NAV”). Push the lower side of the switch to operate the anchor light alone when anchored at night (“ANC”). Put the switch in the middle position to turn off all lights.  \n> <PIC>\n\nAdditionally, the manual explains that the anchor light serves as the ""all-around"" light for navigation at night or in low-visibility conditions, but it is specifically intended for use when the boat is stationary. When moving, you should use the ""NAV"" setting, which turns on both the bow light and anchor light together for proper navigation lighting.\n\nFor installing the anchor light, here are the steps from the manual (to be performed when the boat is moored or anchored):\n\n1. Open the lockable storage compartment.\n2. Remove the anchor light from the anchor light holder.\n3. Slide anchor light stoppers A and B apart to disconnect them.\n4. Extend the anchor light pole, and then screw anchor light stopper A onto the center section of the pole.\n5. Open the cap of the anchor light socket, fit the protrusion on the anchor light into the slot in the socket, and then install the light into the socket.\n6. Fit anchor light stopper B into the anchor light socket.\n\n<PIC> <PIC> <PIC> <PIC> <PIC> <PIC>\n\nI hope this helpful information resolves your query! If you have any further questions or need additional assistance, please feel free to reach out to us at any time. Wishing you a wonderful day!, [""Manual09_105"", ""Manual09_161"", ""Manual09_162"", ""Manual09_163"", ""Manual09_164"", ""Manual09_165"", ""Manual09_166""]"
250,"Hello! I would be very happy to help you with your question regarding how to use the jet wash function to clean your boat after use.\n\nBased on the retrieved knowledge base, here are the steps to use the jet wash system:\n\n**To use the jet wash:**\n(1) Connect the coil hose to the hose fitting.  \n<PIC>  \n1 Coil hose 2 Hose fitting  \n(2) Start the engines. (See page 96.)  \n(3) Push the jet wash switch.  \n<PIC>  \n1 Jet wash switch\n\nAdditionally, please keep in mind the following important notice:\n\n> **NOTICE**  \n>  If the jet wash system will not be used for an extended period, turn the shut-off valve to the closed position. To prevent water from freezing in the jet wash hoses when storing the boat in freezing temperatures, drain the water from the hoses. For more information, contact a Boat Dealer. Before using the jet wash system, make sure that the shut-off valve is in the open position. If water leaks from the hose fitting or coil hose or if you notice any other problem, turn the shut-off valve to the closed position immediately.  \n>  While the jet wash system is being used, scan constantly for people, objects, and other watercraft. Otherwise, the boat could collide with another watercraft, a dock, or other obstacle.  \n>  210FSH DELUXE: Before using the jet wash system, make sure that the anchor light socket is closed. If the anchor light socket is not closed and water enters the socket, the socket could malfunction.  \n> <PIC>  \n> 1 Hose fitting\n\nI hope this helpful information resolves your query! If you have any further questions or need additional assistance, please feel free to reach out to us at any time. Wishing you a wonderful day!, [""Manual09_173"", ""Manual09_174"", ""Manual09_172""]"
251,"Hello! I would be very happy to help you with your question regarding the water supply button on your boat.\n\nBased on the retrieved knowledge base, the feature you are referring to is the **aerator switch**, which is used to control the water circulation in the livewell. Here is the exact information from the manual:\n\n> **Aerator switch**  \n> Use this switch to circulate the water in the livewell. Push the “MNL” side of the switch to circulate water continuously in the livewell. Push the “AUTO” side of the switch to circulate water in the livewell according to the on and off operation settings. Put the switch in the middle position to stop circulating water. (See page 42 for information on setting the automatic operation settings.)\n\nSo, to turn the water supply on, simply push the switch to the **“MNL”** side for continuous operation, or to the **“AUTO”** side for automatic cycling. To turn it off, place the switch in the **middle position**.\n\nI hope this helpful information resolves your query! If you have any further questions or need additional assistance, please feel free to reach out to us at any time. Wishing you a wonderful day! Please refer to the following related illustrations: <PIC>, [""Manual09_12"", ""Manual09_13"", ""Manual09_14""]"
252,"Hello! I would be very happy to help you with your question regarding how to remove the bimini top of the boat.\n\nBased on the retrieved knowledge base content, here are the steps to remove the bimini top for the 210FSH SPORT model:\n\nTo remove the bimini top:\n(1) Open the flap on the starboard side of the bimini top.  \n<PIC>  \n1 Flap\n(2) Loosen the ratchet, and then loosen the strap securing the bimini top.  \n<PIC>  \n1 Ratchet  \n(3) Slowly pull the bimini top toward the bow and remove it.\n\n<PIC>\n\nAdditionally, for the general bimini top removal procedure (which may apply to other models), the steps are:\n(1) Store the bimini top. See “Storing the bimini top in the fully collapsed position”.\n(2) Remove the main pole mounting pins securing the bimini top to the main pole mounting brackets.  \n<PIC>  \n1 Main pole mounting pin\n(3) Remove the bimini top from the boat.\n\nTo install the bimini top, simply reverse the removal steps, and then make sure that the main pole mounting pins are securely installed.\n\nI hope this helpful information resolves your query! If you have any further questions or need additional assistance, please feel free to reach out to us at any time. Wishing you a wonderful day!, [""Manual09_183"", ""Manual09_184"", ""Manual09_182"", ""Manual09_193""]"
253,"Hello! I would be very happy to help you with your question regarding installing the bimini top on your boat to use the canopy.\n\nBased on the retrieved knowledge base content, here are the steps for installing the bimini top:\n\nTo install the bimini top, simply reverse the removal steps. The removal steps are as follows:\n\n1. Open the flap on the starboard side of the bimini top.  \n   <PIC>\n2. Loosen the ratchet, and then loosen the strap securing the bimini top.  \n   <PIC>\n3. Slowly pull the bimini top toward the bow and remove it.\n\nTherefore, to install the bimini top, you would:\n1. Position the bimini top and slowly pull it toward the stern.\n2. Tighten the strap securing the bimini top, and then tighten the ratchet.\n3. Close the flap on the starboard side of the bimini top.\n\nAdditionally, if your boat is equipped with a T-top (210FSH SPORT), the bimini top can be installed to use the T-top as a sunshade or rain cover for the leaning post.  \n<PIC>\n\nI hope this helpful information resolves your query! If you have any further questions or need additional assistance, please feel free to reach out to us at any time. Wishing you a wonderful day!, [""Manual09_183"", ""Manual09_184"", ""Manual09_181""]"
254,"Hello! I would be very happy to help you with your question regarding storing the bimini top in the upright position.\n\nBased on the retrieved knowledge base, here are the steps to store the bimini top in the upright position:\n\n(1) Remove the lock pins, and then push the center poles down.  \n<PIC>  \n1 Center pole 2 Lock pin  \n\n(2) Pull the bimini top toward the bow.  \n<PIC>  \n1 Bimini top  \n\n(3) Install the storage cover.\n\nI hope this helpful information resolves your query! If you have any further questions or need additional assistance, please feel free to reach out to us at any time. Wishing you a wonderful day!, [""Manual09_189"", ""Manual09_190""]"
255,"Hello! I am very sorry for any inconvenience caused by this issue, but I want to ensure your safety first and foremost.\n\nAccording to the retrieved knowledge base, checking the engine oil level while sailing is **not recommended** and is actually considered unsafe. The manual clearly states that this check must be performed under specific, safe conditions.\n\nHere is the exact procedure from the manual for checking the engine oil level, which must be done **while the boat is moored or on land**, not while moving:\n\n> **To check the engine oil level:**\n> (1) With the engine stopped, place the boat in a precisely level position on land or launch the boat.\n> (2) Look in all directions, and then start the engine. (See page 96 for information on starting the engine.)\n> (3) Run the engine at idling speed for 6 minutes or more. Run the engine an additional 5 minutes if the ambient temperature is 20°F (68°F) or less.\n> (4) Stop the engine.\n> (5) Open the engine hood. (See page 56.)\n> (6) Loosen the oil tank filler cap and remove it, and then wipe the attached dipstick clean.\n> <PIC>\n> (7) Screw the oil tank filler cap into the filler hole until it stops. Remove the oil tank filler cap again and make sure that the engine oil level is between the minimum and maximum level marks.\n> <PIC>\n> (8) If the engine oil level is significantly above the maximum level mark, consult a Boat dealer. If the engine oil level is below the minimum level mark, slowly add engine oil.\n> (9) Repeat steps (6)–(8) until the engine oil is at the proper level.\n> (10) Securely install the oil tank filler cap and turn it until it stops.\n> (11) Repeat the checking oil level procedure for the other engine.\n> (12) Close the engine hood.\n\n**Important Safety Warning:** The manual also includes a warning that checking must be performed in flat water and while moored; never check while sailing or moving. To ensure continued safe sailing, please stop the boat in a safe, calm area before performing this check.\n\nI hope this helpful information resolves your query! If you have any further questions or need additional assistance, please feel free to reach out to us at any time. Wishing you a wonderful day!, [""Manual09_196"", ""Manual09_197""]"
256,"Hello! I would be very happy to help you with your question regarding the bilge pump operation on your boat.\n\nBased on the retrieved knowledge base, here is how you can use the bilge pump:\n\nYour boat is equipped with a drainage system that channels water from the storage compartments to the bilge under the engine compartment. When the bilge pump switch is turned on, the bilge pump will operate.\n\n<PIC>  \n1 Bilge pump switch\n\nAdditionally, even if the bilge pump switch is not turned on, the bilge pump will detect when there is excessive water in the bilge and will automatically drain most of it through the bilge pump outlet. This function works automatically, even if the battery switches are turned to the off position.\n\n<PIC>  \n1 Bilge pump outlet\n\n**Tip:** The bilge pump indicator light comes on while the bilge pump is operating. When the bilge pump operates automatically, the bilge pump will not stop until most of the bilge water is drained.\n\n<PIC>\n\nI hope this helpful information resolves your query! If you have any further questions or need additional assistance, please feel free to reach out to us at any time. Wishing you a wonderful day!, [""Manual09_201"", ""Manual09_202"", ""Manual09_203""]"
257,"Hello! I would be very happy to help you with your question regarding the anchor light switch check.\n\nBased on the retrieved knowledge base, the anchor light switch check is described as part of the pre-operation checks, but it is important to note that this check is performed while the boat is moored or at dock, not while sailing. The manual provides the following steps for checking the navigation and anchor lights switch:\n\n""Push the navigation and anchor lights switch and check that the bow light and anchor light come on.  \n(1) 210FSH DELUXE: Install the anchor light. (See page 68 for information on the anchor light.)  \n(2) Push the upper side of the navigation and anchor lights switch and check that the bow light and anchor light come on.  \n<PIC>  \n1 Navigation and anchor lights switch  \n<PIC>  \n1 Bow light  \n210FSH DELUXE  \n<PIC>  \n1 Anchor light  \n210FSH SPORT  \n<PIC>  \n1 Anchor light  \n(3) Push the lower side of the navigation and anchor lights switch and check that only the anchor light comes on.  \n(4) Put the navigation and anchor lights switch in the middle position and check that the bow light and anchor light are off.  \n(5) 210FSH DELUXE: Remove the anchor light.""\n\nAdditionally, the manual clarifies the proper use of the anchor light while moving: ""when moving, the anchor light can only be used as part of the masthead light; a separate anchor light can only be used when moored."" Therefore, the anchor light switch check should be performed while the boat is stationary and moored, not while sailing.\n\nI hope this helpful information resolves your query! If you have any further questions or need additional assistance, please feel free to reach out to us at any time. Wishing you a wonderful day!, [""Manual09_223"", ""Manual09_224"", ""Manual09_225"", ""Manual09_226""]"
258,"Hello! I would be very happy to help you with your question regarding how to start the boat's engine. Let me guide you through the steps based on the information available.\n\nTo start the engine, please follow these important steps:\n\n1. **Battery Switches**: First, ensure the battery switches are in the correct position. According to the manual:\n   > ""In normal operation, keep the “START” and “HOUSE” switches in the ON position. Keep the “EMERG PARALLEL” switch in the OFF position.""\n   <PIC>\n\n2. **Ventilation**: Before starting, ventilate the engine compartment:\n   > ""Push the blower switch to operate the blowers and ventilate the engine compartment for at least 4 minutes.""\n   <PIC>\n\n3. **Engine Shut-Off Cord (Lanyard)**: Attach the engine shut-off cord to your PFD and install the clip onto the engine shut-off switch:\n   > ""Attach the engine shut-off cord (lanyard) to your PFD. Install the clip onto the engine shut-off switch by pushing the clip groove over the nut beneath the knob.""\n   <PIC>\n\n4. **Starting the Engine**: Finally, turn the main switch key to the ""START"" position:\n   > ""START: The starter motor will turn to start the engine. (When the main switch key is released, it returns automatically to “ON”.)""\n\nPlease note the following warnings:\n- Never turn the main switch keys to the start position while the engines are running, as the starter mechanism could be damaged.\n- If the starter motors are engaged continuously for more than 5 seconds, the battery will become quickly discharged, and the starter motors may also be damaged.\n\nI hope this helpful information resolves your query! If you have any further questions or need additional assistance, please feel free to reach out to us at any time. Wishing you a wonderful day!, [""Manual09_44"", ""Manual09_235"", ""Manual09_236""]"
259,"Hello! I would be very happy to help you with your question regarding how to turn a boat while sailing.\n\nBased on the retrieved knowledge base content, I found information about the steering wheel adjustment, which is essential for controlling the boat's direction. However, the specific steps for turning the boat while sailing are not directly mentioned in the provided documents.\n\nThe closest relevant information is about the steering wheel tilt adjustment, which helps you maintain comfortable control:\n\n**Steering wheel tilt adjustment:**\n""The tilt lever is located under the steering wheel and is used to adjust the tilt of the steering wheel. There are 5 positions.  \n <PIC>   1 Tilt lever  \n To adjust the tilt:  \n (1) Push the lever down, and then move the steering wheel up or down to the desired position.  \n (2) The lever will lock into place when the steering wheel is moved into one of the 5 available positions.  \n (3) Make sure that the tilt lever returns to its original position and that the steering wheel is securely locked in place.""\n\nAdditionally, there is a warning that is important for safe operation:\n""Never touch the tilt lever during operation, otherwise the steering wheel could suddenly change position, which may lead to an accident.""\n\nTo turn the boat while sailing, you would typically use the steering wheel to direct the jet thrust nozzle. Please ensure the steering wheel is properly adjusted and locked before you begin moving.\n\nI hope this helpful information resolves your query! If you have any further questions or need additional assistance, please feel free to reach out to us at any time. Wishing you a wonderful day!, [""Manual09_54""]"
260,"Hello! I would be very happy to help you with your question regarding crossing wakes and swells. Here is the information from the manual to guide you safely and smoothly:\n\nTo cross a wake or swell, change your speed and choose the angle at which you cross the wake or swell. Usually, a slower speed and “quartering” the wake (crossing at an angle) will reduce the jolt. Two other things you may notice. The first is that crossing a group of wakes or swells is not as easy or smooth as crossing just one wake. The second is that when you quarter the wake or swell, the boat will try to steer away from the wake or swell. When crossing at a 45° angle, you may not notice this, but at a smaller angle, say 10°, it can be very strong. Be prepared to steer and balance as necessary.\n\nThe best way to cross wakes and swells is with the least jolt to you and the boat. Small swells are not as difficult to cross as larger swells or wakes. Crossing a sharp wake gives more of a jolt than a broad swell.\n\n<PIC>\n<PIC>\n\nI hope this helpful information resolves your query! If you have any further questions or need additional assistance, please feel free to reach out to us at any time. Wishing you a wonderful day!, [""Manual09_249"", ""Manual09_250""]"
261,"Hello! I would be very happy to help you with your question regarding loading the boat after a cruise.\n\nBased on the retrieved knowledge base content, I found information related to post-operation care and storage, which covers what to do after your cruise is over. Here are the relevant steps and procedures:\n\n# Care and storage...........................111  \n Post-operation care .....................111  \n Flushing the cooling system .....111  \n Cleaning the boat......................112  \n Basic stain guide.......................114  \n Battery care...............................115  \n Long-term storage .......................116  \n Fuel system...............................116  \n Lubrication ................................116  \n Grease points............................116\n\nAdditionally, for any trouble recovery or emergency procedures that might be needed after a cruise, the manual includes:\n\n# Trouble recovery .............................124  \n Troubleshooting ...........................124  \n Troubleshooting chart...............124  \n Emergency procedures................126  \n Jet pump clean-out  procedure...............................126  \n Jump-starting............................128  \n Fuse replacement .....................128  \n Towing the boat ........................130\n\nI hope this helpful information resolves your query! If you have any further questions or need additional assistance, please feel free to reach out to us at any time. Wishing you a wonderful day! Please refer to the following related illustrations: <PIC>, [""Manual09_19"", ""Manual09_14"", ""Manual09_18""]"
262,"Hello! I would be very happy to help you with your question regarding how to flush the cooling system of your boat. Here are the detailed steps based on the manual:\n\n**Flushing the cooling system** is essential to prevent the cooling system from clogging up with salt, sand, or dirt.\n\n1. Connect the garden hose adapter to a garden hose.  \n   <PIC>  \n   1 Garden hose adapter  \n   2 Garden hose  \n\n2. Loosen the flush hose connector cap and remove it. Insert the garden hose adapter into the flush hose connector by pushing and twisting it until it is securely connected.  \n   <PIC>  \n   1 Flush hose connector  \n   2 Flush hose connector cap  \n   3 Garden hose adapter  \n\n3. Connect the garden hose to a water tap.\n\n4. Make sure that the area around the boat is clear, and then start the engine. Immediately after the engine starts, fully turn the water supply on so that water flows out continually from the jet thrust nozzle and cooling water pilot outlet.  \n   **NOTICE:** Never turn on the water before starting the engine. The water could flow back through the muffler into the crankcase causing severe engine damage. Be sure to turn on the water immediately after starting the engine to prevent engine overheating.\n\n5. Run the engine at a fast idle for 3 to 5 minutes. If the engine stops while flushing, turn the water supply off immediately and perform the procedure again from step 4.\n\n6. Turn off the water supply, and then drain residual water from the exhaust system by alternately pushing the remote control lever up to half throttle and back to idle for 10 to 15 seconds.\n\n7. Stop the engine.  \n   **NOTICE:** Never have the water on when the engine is not running. The water could flow back through the muffler into the crankcase causing severe engine damage. Do not run the engine for more than 15 seconds after the water supply has been turned off to avoid engine overheating.\n\n8. Remove the garden hose adapter.\n\n9. Install and tighten the cap securely.\n\nI hope this helpful information resolves your query! If you have any further questions or need additional assistance, please feel free to reach out to us at any time. Wishing you a wonderful day!, [""Manual09_257"", ""Manual09_258""]"
263,"Hello! I would be very happy to help you with your question regarding how to replace the fuse on your boat. I understand that dealing with electrical issues can be a bit concerning, but I am here to guide you through the process step by step.\n\nBased on the retrieved knowledge base, here are the detailed instructions for replacing a fuse:\n\n**WARNING:** Do not use fuses of a higher amperage than recommended. Substitution with a fuse that has an improper rating can cause extensive electrical system damage and possible fire.\n\nTo replace a fuse:\n1. Open the engine hood. (See page 56.)\n2. Unfasten the band.  \n   <PIC>  \n   1 Band\n3. Remove the fuse box from the air filter case by pulling the fuse box toward the bow.\n4. While pushing both sides of the fuse box cover inward, pull the cover toward the bow and remove it.  \n   <PIC>  \n   1 Fuse box cover  \n   <PIC>  \n   1 Electronic throttle valve fuse  \n   2 Fuel pump fuse  \n   3 Main relay drive fuse  \n   4 Main fuse  \n   5 Fuse puller  \n   6 Battery fuse  \n   7 Spare fuse  \n   8 Unused fuse\n5. When replacing the accessory fuse and bilge pump fuse, remove the fuse holder. (Open the battery compartment to access the accessory fuse and bilge pump fuse. [See page 66.])  \n   <PIC>  \n   1 Fuse holder  \n   2 Accessory fuse  \n   3 Bilge pump fuse\n6. Replace the blown fuse with the spare fuse of the correct amperage by using the fuse puller.\n\n**Fuse amperage specifications:**\n- Electronic throttle valve fuse: 10 A\n- Fuel pump fuse: 10 A\n- Main relay drive fuse: 10 A\n- Main fuse: 20 A\n- Battery fuse: 30 A\n- Accessory fuse: 20 A\n- Bilge pump fuse: 3 A\n\n7. Install the fuse box cover.\n8. If the accessory fuse or bilge pump fuse was replaced, install the fuse holder.\n9. Install the fuse box to the air filter case.\n10. Fasten the band.\n11. Close the engine hood.\n\nI hope this helpful information resolves your query! If you have any further questions or need additional assistance, please feel free to reach out to us at any time. Wishing you a wonderful day!, [""Manual09_281"", ""Manual09_282"", ""Manual09_283"", ""Manual09_284""]"
264,"Hello! I would be very happy to help you with your question regarding how to check the engine oil level of your boat.\n\nBased on the retrieved knowledge base, here are the detailed steps to check the engine oil level:\n\n(1) With the engine stopped, place the boat in a precisely level position on land or launch the boat.\n(2) Look in all directions, and then start the engine. (See page 96 for information on starting the engine.)\n(3) Run the engine at idling speed for 6 minutes or more. Run the engine an additional 5 minutes if the ambient temperature is 20°F (68°F) or less.\n(4) Stop the engine.\n(5) Open the engine hood. (See page 56.)\n(6) Loosen the oil tank filler cap and remove it, and then wipe the attached dipstick clean.  \n<PIC>  \n1 Oil tank filler cap/Dipstick\n(7) Screw the oil tank filler cap into the filler hole until it stops. Remove the oil tank filler cap again and make sure that the engine oil level is between the minimum and maximum level marks.  \n<PIC>  \n1 Dipstick 2 Maximum level mark 3 Minimum level mark\n(8) If the engine oil level is significantly above the maximum level mark, consult a Boat dealer. If the engine oil level is below the minimum level mark, slowly add engine oil.\n(9) Repeat steps (6)–(8) until the engine oil is at the proper level.\n(10) Securely install the oil tank filler cap and turn it until it stops.\n(11) Repeat the checking oil level procedure for the other engine.\n(12) Close the engine hood.\n\nAdditionally, please remember to use only 4-stroke engine oil. Recommended engine oil type is SAE 10W-30, 10W-40, 20W-40, or 20W-50, and recommended engine oil grade is API SG, SH, SJ, SL.  \n<PIC>\n\nI hope this helpful information resolves your query! If you have any further questions or need additional assistance, please feel free to reach out to us at any time. Wishing you a wonderful day!, [""Manual09_196"", ""Manual09_197"", ""Manual09_195""]"
265,"Hello! I would be very happy to help you with your question regarding the energy saving mode of your coffee machine.\n\nBased on the retrieved information, here are the details for using the energy saving mode:\n\nThis machine is equipped with an energy saving feature. The machine will automatically enter power of mode after 9 minutes. To turn the machine on either press the Espresso or Lungo button. \n <PIC>   To turn the machine off before automatic  Power Off mode, press both the Espresso  and Lungo button simultaneously. <PIC>\n\nI hope this helpful information resolves your query! If you have any further questions or need additional assistance, please feel free to reach out to us at any time. Wishing you a wonderful day!, [""Manual07_4"", ""Manual07_5""]"
266,"Hello! I would be very happy to help you with your question regarding changing the default setting of the energy saving mode.\n\nBased on the retrieved knowledge base content, here are the steps to change this setting:\n\nTo change this setting\n1. With machine being turned of, press and hold the Espresso button for 3 seconds. <PIC>\n2. The Espresso button will blink to indicate the current setting. <PIC>\n3. To change this setting press the espresso button:\n   - One time for power of mode after 9 minutes\n   - One more time for power of mode after 30 minutes\n   - One more time to deactivate. <PIC>\n4. To exit the energy saving mode press the Lungo button for 3 seconds. <PIC>\n\nI hope this helpful information resolves your query! If you have any further questions or need additional assistance, please feel free to reach out to us at any time. Wishing you a wonderful day!, [""Manual07_6"", ""Manual07_7"", ""Manual07_8"", ""Manual07_9""]"
267,"Hello! I would be very happy to help you with your question regarding programming the water volume of your coffee machine.\n\nBased on the retrieved knowledge base, here are the steps to program the water volume:\n\n**PROGRAMMING THE WATER VOLUME**\n1. Turn the machine on and wait for it to be in ready mode (steady lights). <PIC>\n2. Fill the water tank with potable water and insert a capsule. <PIC>\n3. Place a cup under the coffee outlet. <PIC>\n4. Press and hold the Espresso or Lungo button. <PIC>\n5. Release button once the desired volume is served.\n6. Water volume level is now stored.\n\nI hope this helpful information resolves your query! If you have any further questions or need additional assistance, please feel free to reach out to us at any time. Wishing you a wonderful day!, [""Manual07_24"", ""Manual07_25"", ""Manual07_26"", ""Manual07_27""]"
268,"Hello! I would be very happy to help you with your question regarding emptying the system before a period of non-use, for frost protection, or before a repair.\n\nBased on the retrieved knowledge base content, here are the steps you need to follow:\n\n**EMPTYING THE SYSTEM BEFORE A PERIOD OF NON-USE AND FOR FROST PROTECTION, OR BEFORE A REPAIR**\n\nNOTE: Your machine will be blocked for 10 minutes after emptying mode.\n\n1. To enter the emptying mode, press both the Espresso and Lungo button to turn the machine off. <PIC>\n2. Remove the water tank and open the lever. <PIC>\n3. Press both the Espresso and Lungo button for 3 seconds. <PIC>\n   Both LEDs blink alternatively. <PIC>\n4. Close the lever. <PIC>\n5. Machine switches off automatically.\n6. Empty and clean the used capsule container and drip tray.\n\nI hope this helpful information resolves your query! If you have any further questions or need additional assistance, please feel free to reach out to us at any time. Wishing you a wonderful day!, [""Manual07_28"", ""Manual07_29"", ""Manual07_30"", ""Manual07_31"", ""Manual07_32""]"
269,"Hello! I would be very happy to help you with your question regarding resetting your coffee machine to factory settings.\n\nBased on the retrieved knowledge base content, here are the steps to reset your machine to factory settings:\n\n**RESET TO FACTORY SETTINGS**\n1. With machine being turned off, press and hold down the Lungo button for 5 seconds.\n   <PIC>\n2. LEDs will blink fast 3 times to confirm machine has been reset to factory settings.\n   <PIC>\n3. LEDs will then continue to blink normally, as heating up, until ready. Steady lights: machine ready.\n   <PIC>\n\nI hope this helpful information resolves your query! If you have any further questions or need additional assistance, please feel free to reach out to us at any time. Wishing you a wonderful day!, [""Manual07_33"", ""Manual07_34"", ""Manual07_35""]"
270,"Hello! I would be very happy to help you with your question regarding the cleaning and maintenance of your coffee maker to ensure it lasts longer.\n\nBased on the retrieved knowledge base content, here are the key steps for cleaning and descaling your coffee maker:\n\n**Descaling**\n- ""descaling agent, when used correctly, helps to ensure the proper functioning of your machine over its lifetime and that your coffee experience is as perfect as on the first day. for the correct amount and procedure to follow, consult the user manual included in the descaling kit.""\n\n**Cleaning**\n- The manual also includes a dedicated ""CLEANING"" section (as listed in the table of contents), which is essential for regular maintenance.\n\nAdditionally, please remember to:\n- **Empty the system** before a period of non-use, for frost protection, or before a repair, as mentioned in the ""EMPTYING THE SYSTEM BEFORE A PERIOD OF NON-USE AND FOR FROST PROTECTION, OR BEFORE A REPAIR"" section.\n- **Reset to factory settings** if needed, following the ""RESET TO FACTORY SETTINGS"" instructions.\n\nI hope this helpful information resolves your query! If you have any further questions or need additional assistance, please feel free to reach out to us at any time. Wishing you a wonderful day! Please refer to the following related illustrations: <PIC>, [""Manual09_19"", ""Manual09_18"", ""Boat_02""]"
271,"Hello! I would be very happy to help you with your question regarding how to open the swim platform of the boat.\n\nBased on the retrieved knowledge base content, the swim platform is mentioned, but the specific steps to ""open"" it are not provided. However, I found instructions related to boarding from the swim platform, which may be helpful:\n\n<PIC>\n\n**WARNING**  \nTo avoid severe injury or death, do not board from the rear, use swim platform, or swim behind boat if engines are running.  \n- Severe internal injuries can occur if water is forced into body cavities as a result of being near the jet thrust nozzles.  \n- Exhaust gases coming from underneath the swim platform contain carbon monoxide, a colorless, odorless gas which may cause brain damage or death when inhaled. Symptoms include nausea, dizziness, and drowsiness.  \n\n(1) Be sure the engines are off, and then move to the stern of the boat.  \n(2) Pull out the ladder and climb up onto the swim platform. (See page 70 for information on ladder.)  \n(3) Return the ladder to the stowed position, and then sit in one of the seats provided.\n\nI hope this helpful information resolves your query! If you have any further questions or need additional assistance, please feel free to reach out to us at any time. Wishing you a wonderful day!, [""Manual09_246""]"
272,"Hello! I would be very happy to help you with your question regarding how to open the livewell and add water on the boat. Here is the step-by-step information based on the manual:\n\n**To open the livewell:**\nPull the latch to open the livewell lid.  \n<PIC>  \n1 Livewell lid  \n2 Latch  \n<PIC>  \n1 Livewell  \n\n**To supply water to the livewell:**\n(1) Push the livewell switch to turn on the livewell pump and supply water.  \n(2) When there is sufficient water in the livewell, push the livewell switch to turn off the livewell pump.  \n(3) If necessary, push the aerator switch to aerate and circulate the water in the livewell. (See page 52.)  \n<PIC>  \n1 Aerator switch  \n2 Livewell switch  \n\nI hope this helpful information resolves your query! If you have any further questions or need additional assistance, please feel free to reach out to us at any time. Wishing you a wonderful day!, [""Manual09_153"", ""Manual09_154"", ""Manual09_155""]"
273,"Hello! I would be very happy to help you with your question regarding the maintenance setting screen of the boat controller.\n\nBased on the retrieved knowledge base content, the maintenance setting screen is described as follows:\n\n> **Maintenance setting screen**  \n> This screen displays the number of hours that the engines have been running since the last maintenance.  \n> <PIC>  \n> After maintenance is performed, reset the number of hours of operation as follows.  \n> To reset the number of hours of operation:  \n> (1) Tap the “Reset” button.  \n> <PIC>  \n> 1 “Reset” button  \n> (2) When the confirmation message appears, tap the “YES” button to reset the number of hours of operation.\n\nAdditionally, there is a helpful tip:\n\n> **TIP:**  \n> To return to the maintenance setting screen without resetting the number of hours, tap the “NO” button.  \n> <PIC>  \n> 1 “YES” button\n\nI hope this helpful information resolves your query! If you have any further questions or need additional assistance, please feel free to reach out to us at any time. Wishing you a wonderful day!, [""Manual09_83"", ""Manual09_84"", ""Manual09_85""]"
274,"Hello! I would be very happy to help you with your question regarding the factory reset screen on your boat's multi-function display unit.\n\nBased on the retrieved knowledge base content, the factory reset screen is described as follows:\n\n""# Factory reset screen  \nThis screen can be used to reset the settings to their factory default settings.  \n<PIC>  \nTo reset the settings: (1) Tap the “Reset” button.  \n<PIC>  \n1 “Reset” button (2) When the confirmation message appears, tap the “YES” button to reset the settings.  \nTIP: To return to the factory reset screen without resetting the settings, tap the “NO” button.  \n<PIC>  \n1 “YES” button""\n\nIn summary, the factory reset screen provides a ""Reset"" button that, when tapped, prompts a confirmation message asking you to tap ""YES"" to reset all settings to their factory defaults, or ""NO"" to cancel and return without making any changes.\n\nI hope this helpful information resolves your query! If you have any further questions or need additional assistance, please feel free to reach out to us at any time. Wishing you a wonderful day!, [""Manual09_87"", ""Manual09_88"", ""Manual09_89""]"
275,"Hello! I would be very happy to help you with your question regarding the trip screen.\n\nBased on the retrieved knowledge base content, the trip screen is described as follows:\n\n> **Trip screen**  \n> This screen displays the hours of engine operation, fuel consumption, and other information.  \n> 1 Menu  \n> 2 Scrollbar  \n> 3 “Reset” button  \n> <PIC>  \n> The menu displays 4 items at one time. Scroll through the menu items using the scrollbar.  \n> <PIC>  \n> \* This item cannot be reset. To reset an item on the trip screen: Touch and hold the item that you want to reset for several seconds. To reset all of the display items: Tap the “Reset” button to reset all of the items.\n\nI hope this helpful information resolves your query! If you have any further questions or need additional assistance, please feel free to reach out to us at any time. Wishing you a wonderful day!, [""Manual09_69"", ""Manual09_70""]"
276,"Hello! I would be very happy to help you with your question regarding how to make the boat move forward when you are ready to sail.\n\nBased on the retrieved knowledge base content, to move the boat forward, you will need to use the **remote control levers**. The manual explains that this boat uses a direct-drive propulsion system, and the direction of the boat is controlled by the shift gates, which direct the flow of the jet thrust.\n\nHere are the specific steps and details for moving forward:\n\n1.  **Ensure the levers are in neutral**: The boat is equipped with a ""start-in-gear"" protection feature, so the engines will not start unless the levers are in the neutral position.\n2.  **Move the remote control levers to the forward position**: Once the engines are running and you are ready to proceed, moving the remote control levers into the forward position will start to move the boat forward. The shift gates direct the jet thrust toward the stern of the boat, which moves the boat forward.\n\nAdditionally, when leaving a dock, the manual provides a helpful technique:\n- With the engines idling and the bow still moored to the dock, turn the steering wheel toward the dock. Moving the remote control levers into the forward position will start to move the stern of the boat away from the dock. When the stern is out a few feet, release the bow mooring, turn the steering wheel to the center position or away from the dock, and then move the remote control levers into the reverse position to move away from the dock.\n\nI hope this helpful information resolves your query! If you have any further questions or need additional assistance, please feel free to reach out to us at any time. Wishing you a wonderful day! Please refer to the following related illustrations: <PIC>, [""Manual09_18"", ""Boat_02"", ""Manual09_17""]"
277,"Hello! I would be very happy to help you with your question regarding checking the boat's steering system.\n\nBased on the retrieved knowledge base content, the steering system checks are part of the pre-operation checks that should be performed **before** operating the boat, not while driving it. The manual specifically states that these checks require two persons: one to operate the controls and one to observe the proper operation at the stern.\n\nHere are the detailed steps for checking the steering system:\n\n**Steering system checks**\nMake sure the steering wheel is not loose. There should not be any free play, either in-and-out or in rotation. Turn the steering wheel fully to the right and left to make sure operation is smooth and unrestricted throughout the whole range.  \n<PIC>  \nMake sure both the jet thrust nozzles change directions as the steering wheel is turned. The jet thrust nozzles should point to starboard (right) when the wheel is turned to the right. The jet thrust nozzles should point to port (left) when the wheel is turned to the left. There should not be free play between the steering wheel and the jet thrust nozzles. In addition, check that the direction of the articulating keel changes according to the movement of the jet thrust nozzles.  \n<PIC>  \n1 Jet thrust nozzle 2 Articulating keel\n\nPlease note that these checks are part of the pre-operation checklist and should be completed **before launching the boat** to ensure safety and reliability. It is not recommended to perform these checks while the boat is moving.\n\nI hope this helpful information resolves your query! If you have any further questions or need additional assistance, please feel free to reach out to us at any time. Wishing you a wonderful day!, [""Manual09_206"", ""Manual09_207""]"
278,"Hello! I would be very happy to help you with your question regarding fire extinguisher storage and placement on board.\n\nBased on the retrieved knowledge base content, here is the information available:\n\nThe manual provides specific guidance on using a fire extinguisher through the **FIRE-PORT™**, which is mounted below the leaning post. It states:\n\n> ""A FIRE-PORT™ is mounted below the leaning post. Use this port to spray the contents of a fire extinguisher into the engine compartment if a fire breaks out in the engine area.""\n\nAdditionally, the manual recommends the type of extinguisher to use:\n> ""A 'clean agent' type fire extinguisher is recommended; a chemical-type fire extinguisher may not be adequate in this application.""\n\n<PIC> <PIC>\n\nHowever, the retrieved content does not specifically mention where the fire extinguisher itself should be stored or placed on board (such as a designated bracket or compartment). For detailed storage and placement instructions, I recommend consulting your boat dealer or the full owner's manual for your specific model.\n\nI hope this helpful information resolves your query! If you have any further questions or need additional assistance, please feel free to reach out to us at any time. Wishing you a wonderful day!, [""Manual09_213"", ""Manual09_214""]"
279,"Hello! I would be very happy to help you with your question regarding the care of the throttle-cable on your boat.\n\nBased on the retrieved knowledge base content, the proper way to care for the throttle-cable is to grease it. Here are the specific instructions:\n\n**Grease points**\nTo keep moving parts sliding or rotating smoothly, coat them with water-resistant grease.\n\n**Throttle cable**\nGrease the throttle-cable inner wires at the pulley wheel of the APS.\n\n<PIC>\n\nAdditionally, for related steering components, you should also:\n**Steering cable ball joints and inner wire**\nGrease the steering cable and shift cable ball joints at the jet thrust nozzles. Extend the steering cable and shift cable inner wires and apply a thin coat of grease to them.\n\n<PIC>\n\nI hope this helpful information resolves your query! If you have any further questions or need additional assistance, please feel free to reach out to us at any time. Wishing you a wonderful day!, [""Manual09_263"", ""Manual09_264""]"
280,"Hello! I would be very happy to help you with your question regarding charging the camera battery when it is not in use.\n\nBased on the retrieved knowledge base, here are the important steps and recommendations for charging and storing your camera battery:\n\nFirst, to charge the battery, please follow these steps:\n- **Attach the battery**: Align the battery front edge with the `<<` mark on the battery charger. While pressing down the battery, slide it in the direction of the arrow. To detach the battery, follow the above procedure in reverse. <PIC>\n- **Connect the power cord**: Connect the power cord to the charger and insert the plug into the power outlet. Recharging starts automatically and the red lamp starts blinking.\n- The recharging time for a completely exhausted battery is as follows: BP-511A and BP-514: Approx. 100 min. BP-511 and BP-512: Approx. 90 min. <PIC>\n- After the red lamp lights, continue to recharge the battery for an hour to attain a full charge. <PIC>\n\nFor when you are not using the camera for an extended period, the manual provides these important care instructions:\n- **If the camera will not be used for an extended period, remove the battery and store the camera in a cool, dry, well-ventilated location.**\n- **If the battery is left in the camera for a prolonged period without the camera being used, a low electrical current may be discharged excessively and the battery's service life may be affected. When not using the camera, remove the battery and attach the protective cover to prevent shorting. Before using the camera again, be sure to recharge the battery.**\n- Even while the camera is in storage, press the shutter button a few times once in a while to check that the camera is still working.\n- Avoid storing the camera where there are corrosive chemicals such as a darkroom or chemical lab.\n- If the camera has not been used for an extended period, test all its functions before using the camera.\n\nI hope this helpful information resolves your query! If you have any further questions or need additional assistance, please feel free to reach out to us at any time. Wishing you a wonderful day!, [""Manual10_11"", ""Manual10_13"", ""Manual10_15""]"
281,"Hello! I would be very happy to help you with your question regarding installing the camera battery when the current one is powered off.\n\nBased on the retrieved knowledge base content, here are the clear steps to install a new battery:\n\nFirst, please ensure you are using a compatible battery pack. The manual specifies that you should use **Battery Pack BP-511A, BP-514, BP-511, or BP-512**.\n\nTo install the battery, please follow these steps:\n\n1.  **Open the battery compartment cover.** Slide the lever as shown by the arrow and open the cover.  \n    <PIC>\n\n2.  **Remove the old battery.** Slide the battery lock lever as shown by the arrow and remove the battery.  \n    <PIC>\n\n3.  **Insert the new battery.** Point the battery contacts downward, and insert the battery until it locks into place.  \n    <PIC>\n\n4.  **Close the cover.** Press the cover until it snaps shut.  \n    <PIC>\n\nAfter installing the new battery, you can turn the camera on by setting the power switch to the `<ON>` position. The camera will then be ready to operate.\n\nI hope this helpful information resolves your query! If you have any further questions or need additional assistance, please feel free to reach out to us at any time. Wishing you a wonderful day!, [""Camera_12"", ""Camera_13"", ""Camera_09"", ""Camera_10""]"
282,"Hello! I would be very happy to help you with your question regarding connecting your camera to a household power socket.\n\nTo use a household power outlet with your camera, you will need the optional **AC Adapter Kit ACK-E2**. Here are the steps based on the manual:\n\n1.  **Connect the DC Coupler**: Connect the DC Coupler's plug to the AC adapter's socket.  \n    <PIC>\n\n2.  **Connect the power cord**: Connect the power cord to the AC adapter. Then, insert the plug into a power outlet. When you are finished, disconnect the plug from the power outlet.  \n    <PIC>\n\nThe AC Adapter Kit ACK-E2 is a power source kit (AC adapter, DC coupler, power cord) for supplying power to the camera with a household power outlet. It is compatible with AC 100 - 240 V.  \n<PIC>\n\nI hope this helpful information resolves your query! If you have any further questions or need additional assistance, please feel free to reach out to us at any time. Wishing you a wonderful day!, [""Camera_14"", ""Camera_15"", ""Manual10_237""]"
283,"Hello! I would be very happy to help you with your question regarding mounting the lens on your camera for photography.\n\nBased on the retrieved knowledge base content, here are the steps to properly mount a lens:\n\nFirst, **align the lens with the camera's mount index**. If you are using an EF-S lens, align it with the camera's white EF-S lens mount index. If you are attaching a lens other than an EF-S lens, align the lens with the red EF lens index mark.\n\nThen, **turn the lens as shown by the arrow until it clicks in place**. This ensures the lens is securely attached.\n\nAdditionally, before mounting, please **set the focus mode switch on the lens to <AF>**. If it is set to MF, autofocus will not be possible. Also, remember to **remove the front lens cap** before shooting.\n\n<PIC>\n<PIC>\n\nI hope this helpful information resolves your query! If you have any further questions or need additional assistance, please feel free to reach out to us at any time. Wishing you a wonderful day!, [""Manual10_22"", ""Manual10_23""]"
284,"Hello! I would be very happy to help you with your question regarding how to install the CF card into your camera before photography.\n\nBased on the retrieved knowledge base content, here are the steps to properly insert the CF card:\n\nFirst, please ensure the camera is turned off and the access lamp is not lit or blinking. Then, open the CF card slot cover.\n\nTo insert the CF card, please follow this instruction carefully:\n\n> Using CF cards is recommended.  \n> If the CF card is inserted in the wrong way, it may damage the camera. As shown by the arrow, face the label side toward you and insert the end with the small holes into the camera.  \n> The CF card eject button pops out.  \n> Top  \n>  <PIC>  \n> CF card eject button\n\nAfter inserting the card, close the cover securely. The camera is now ready for use.\n\nI hope this helpful information resolves your query! If you have any further questions or need additional assistance, please feel free to reach out to us at any time. Wishing you a wonderful day!, [""Manual10_26""]"
285,"Hello! I would be very happy to help you with your question regarding the removal of the camera shutter button.\n\nBased on the retrieved knowledge base content, I'm sorry to inform you that the provided documents do not contain any instructions or information about how to remove the camera shutter button. The content focuses on how to use the shutter button (pressing halfway and completely), its functions (autofocus, exposure setting), and general camera care, but there are no steps or guidance for disassembling or removing the shutter button.\n\nI hope this helpful information resolves your query! If you have any further questions or need additional assistance, please feel free to reach out to us at any time. Wishing you a wonderful day! Please refer to the following related illustrations: <PIC>, [""Manual10_31"", ""Manual10_30"", ""Manual10_21""]"
286,"Hello! I would be very happy to help you with your question regarding replacing the camera's date/time battery.\n\nBased on the information provided, the date/time (back-up) battery maintains the camera's date and time, and its service life is about 5 years. To replace it, please follow these steps:\n\nFirst, you will need a new CR2016 lithium battery. The procedure is as follows:\n\n1.  **Open the battery compartment cover.** Slide the lever as shown by the arrow and open the cover. <PIC>\n2.  **Remove the battery.** Slide the battery lock lever as shown by the arrow and remove the battery. <PIC>\n3.  **Insert the new battery.** Point the battery contacts downward. Insert the battery until it locks into place. <PIC>\n4.  **Close the cover.** Press the cover until it snaps shut. <PIC>\n\nAfter replacing the battery, the date/time setting will be reset, so you must set the correct date and time.\n\nI hope this helpful information resolves your query! If you have any further questions or need additional assistance, please feel free to reach out to us at any time. Wishing you a wonderful day!, [""Camera_12"", ""Camera_13"", ""Camera_09"", ""Camera_10""]"
287,"Hello! I would be very happy to help you with your question regarding focusing on an off-center subject with your camera.\n\nBased on the retrieved knowledge base, here is the information for focusing on an off-center subject:\n\n# Focusing an Off-Center Subject  \nAfter achieving focus, you can lock the focus on a subject and recompose the shot. This is called ""focus lock."" Focus lock works only in the One-Shot AF mode.\n\nTo summarize the steps:\n1. First, ensure your camera is set to **One-Shot AF mode**.\n2. Aim the camera so that the autofocus point covers your off-center subject.\n3. Press the shutter button halfway to achieve focus and lock it.\n4. While keeping the shutter button pressed halfway, recompose your shot to your desired composition.\n5. Press the shutter button fully to take the picture.\n\nI hope this helpful information resolves your query! If you have any further questions or need additional assistance, please feel free to reach out to us at any time. Wishing you a wonderful day! Please refer to the following related illustrations: <PIC>, [""Camera_32"", ""Manual10_111"", ""Manual10_84""]"
288,"Hello! I would be very happy to help you with your question regarding how to use the eyepiece cover of the camera.\n\nBased on the retrieved knowledge base, here is the information for using the eyepiece cover:\n\n**Attaching the Eyepiece Cover:**\n- Slide the eyepiece cover down into the eyepiece groove to attach it. <PIC>\n\n**Using the Eyepiece Cover:**\nDuring self-timer or remote switch (optional) operation when your eye does not cover the viewfinder eyepiece, stray light may enter the eyepiece and affect the exposure when the image is captured. In such a case, use the eyepiece cover.\n\n**Opening the Cover:**\n- Slide the cover as shown by the arrow to open it. <PIC>\n\nAdditionally, the eyepiece cover is also attached to the strap. <PIC>\n\nI hope this helpful information resolves your query! If you have any further questions or need additional assistance, please feel free to reach out to us at any time. Wishing you a wonderful day!, [""Manual10_155"", ""Manual10_25"", ""Manual10_9""]"
289,"Hello! I would be very happy to help you with your question regarding selecting the AF Mode before taking a picture.\n\nBased on the retrieved knowledge base content, here is the information for you:\n\nTo select the AF Mode, please refer to the following steps and details:\n\n<PIC>\n\nThe AF mode is the autofocusing operation method. Three AF modes are provided. One-Shot AF is suited for still subjects, while Al Servo AF is for moving subjects. And Al Focus AF switches from One-Shot AF to Al Servo AF automatically if the still subject starts moving. In the Basic Zone modes, the optimum AF mode is set automatically.\n\n<PIC>\n\nYou can set the AF mode by accessing the ""AF mode selection"" option in the Shooting Settings menu. Please note that the asterisk ★ on the right of the page title indicates that the respective feature is available only in Creative Zone modes (P, Tv, Av, M, A-DEP). In the Basic Zone modes, the AF mode is set automatically.\n\nI hope this helpful information resolves your query! If you have any further questions or need additional assistance, please feel free to reach out to us at any time. Wishing you a wonderful day!, [""Manual10_97"", ""Manual10_98""]"
290,"Hello! I would be very happy to help you with your question regarding setting the camera to the ""P"" mode.\n\nBased on the retrieved knowledge base content, to set the camera to the **P (Program AE)** mode, you need to turn the Mode Dial to the **P** position. This is a general-purpose shooting mode where the camera automatically sets the shutter speed and aperture value to suit the subject's brightness.\n\nHere is the relevant information from the manual:\n\n> **# Creative Zone**  \n> Set the camera as you wish.  \n> **P: Program AE (p.74)**  \n> Tv : Shutter-priority AE (p.76)  \n> Av : Aperture-priority AE (p.78)  \n> M: Manual exposure (p.80)  \n> A-DEP : Automatic Depth-of-field Preview (p.82)\n\nAnd for more details on the mode itself:\n\n> **# # P program AE**  \n> Like $\vartriangleleft$ (Full Auto) mode, this is a general-purpose shooting mode. The camera automatically sets the shutter speed and aperture value to suit the subject's brightness. This is called Program AE. stands for Program *AE stands for Auto Exposure <PIC>\n\nI hope this helpful information resolves your query! If you have any further questions or need additional assistance, please feel free to reach out to us at any time. Wishing you a wonderful day!, [""Manual10_115""]"
291,"Hello! I would be very happy to help you with your question regarding viewing your camera images on a TV for better clarity.\n\nBased on the retrieved knowledge base, here are the steps to connect your camera to a TV and view your images:\n\n1.  **Connect the camera to the TV.**\n    - Open the camera's terminal cover.\n    - Use the video cable (provided) to connect the camera's terminal to the TV monitor's VIDEO IN terminal.\n    - Insert the cable plug all the way in.\n    - Turn on the TV and switch the TV's line input to Video IN.\n    <PIC>\n\n2.  **Press the <> button.**\n    - The image will appear on the TV screen. (Nothing will be displayed on the camera's LCD monitor.)\n    - After you finish, set the switch to turn the TV off, then disconnect the video cable.\n    <PIC>\n\n**Important Note:** If the proper video system format is not set, the image will not be displayed properly. Please ensure you have set the correct video system format (NTSC or PAL) to match your TV set.\n\nI hope this helpful information resolves your query! If you have any further questions or need additional assistance, please feel free to reach out to us at any time. Wishing you a wonderful day!, [""Manual10_182"", ""Manual10_183""]"
292,"Hello! I would be very happy to help you with your question regarding deleting a single image from your camera. It's completely normal to want to remove a photo you're not satisfied with!\n\nBased on the retrieved knowledge base content, here are the steps to erase a single image:\n\n**Erasing a Single Image**\n1. Display the image you wish to delete.\n2. Press the button.\n\n<PIC>\n\nI hope this helpful information resolves your query! If you have any further questions or need additional assistance, please feel free to reach out to us at any time. Wishing you a wonderful day!, [""Manual10_184""]"
293,"Hello! I would be very happy to help you with your question regarding erasing all images from your camera.\n\nBased on the retrieved knowledge base, you can erase all images at one time by following these steps:\n\n1. **Select [All]**  \n   Turn the dial to select [All], then press the button. The All screen will appear.  \n   <PIC>\n\n2. **Select [Mark all]**  \n   Turn the dial to select [Mark all], then press the button. One print each will be specified for all the images, then the print order screen will reappear.  \n   <PIC>\n\n3. **Exit the menu**  \n   On the Print Order screen, press the <MENU> button. The settings will be saved to the CF card, and the menu will reappear.\n\nAlternatively, you can erase all images directly by following this procedure:\n\n- **Erase the images**  \n  Turn the dial to select [OK], then press the button. All unprotected images will be erased.  \n  <PIC>\n\nPlease note that once an image is erased, it cannot be recovered, so make sure you no longer need the images before erasing them. To prevent important images from being erased accidentally, you can protect them first.\n\nI hope this helpful information resolves your query! If you have any further questions or need additional assistance, please feel free to reach out to us at any time. Wishing you a wonderful day!, [""Camera_71"", ""Camera_72"", ""Manual10_187""]"
294,"Hello! I would be very happy to help you with your question regarding printing photos using the CP Direct method from your camera.\n\nTo print your photos directly using the CP Direct method, please follow these steps based on the retrieved knowledge base:\n\n1.  **Set the Camera**: First, on your camera's menu, set **[ft Communication]** to **[PTP]**. This is necessary to establish the connection with the printer. <PIC>\n\n2.  **Set the Style**: You will need to set the **[Style]** for printing. (Please refer to page 123/126 of your manual for details on this setting).\n\n3.  **Select [Print Order]**: Turn the dial to select **[Print Order]**, then press the button. The Print Order screen will appear.\n\n4.  **Select [Set up]**: Turn the dial to select **[Set up]**, then press the button. The print setting screen will appear. <PIC>\n\n5.  **Set the Options**: Set the **[Print Type]**, **[Date]**, and **[File No.]** as desired. Turn the dial to select the menu item, then press the button. Turn the dial to select the desired setting, then press the button. <PIC>\n\n6.  **Exit the Menu**: Press the **<MENU>** button. The Print Order screen will reappear. Next, select **[Order]** or **[All]** to choose the images you wish to print.\n\n7.  **Start Printing**: Turn the dial to select **[OK]**, then press the button. The printing will start. To stop the printing, press the button while **[Stop]** is displayed, then turn the dial to select **[OK]** and press the button.\n\n**Important Notes:**\n- Compatible printers for CP Direct are those that support the **CP Direct** standard.\n- Printable images are **JPEG images** (DPOF printing is possible).\n- **RAW images cannot be selected for printing.**\n- With CP Direct, if **[Print Type]** is set to **[Index]**, the number of images printed on one index sheet will be as follows:\n    - Credit card size: 20 images\n    - L size: 42 images\n    - Postcard size: 63 images\n\nI hope this helpful information resolves your query! If you have any further questions or need additional assistance, please feel free to reach out to us at any time. Wishing you a wonderful day!, [""Manual10_188"", ""Camera_68"", ""Manual10_224""]"
295,"Hello! I would be very happy to help you with your question regarding setting up the camera to fine-tune the model.\n\nBased on the retrieved knowledge base content, I found the following information that may assist you:\n\nTo fine-tune the camera's processing parameters, you can use the custom set feature. The manual states:\n\n""Select the set number. Turn the dial to select [Set 1], [Set 2], or [Set 3], then press . The default parameter settings for [Set 1], [Set 2], and [Set 3] are all [0] (Standard)."" <PIC>\n\nAdditionally, the camera offers three custom processing parameters under the ""Processing parameters"" section, which are listed as ""Parameter 1 and 2, set 1 to 3 (three custom processing parameters), B/W.""\n\nTo apply your desired setting, simply follow the instruction: ""Set the desired setting. Press to set it.""\n\nI hope this helpful information resolves your query! If you have any further questions or need additional assistance, please feel free to reach out to us at any time. Wishing you a wonderful day!, [""Manual10_84""]"
296,"Hello! I would be very happy to help you with your question regarding the components you should have with your earphones.\n\nBased on the retrieved knowledge base content, I found information about attachments and accessories for a machine, but unfortunately, the provided documents do not contain a specific list of components or package contents for earphones. The closest relevant information is from the ""Package contents"" section mentioned in one document, but it only lists a general heading without any details.\n\nI sincerely apologize for not being able to provide the exact list you are looking for. If you have the product model or manual name, please feel free to share it, and I will be glad to assist you further. Wishing you a wonderful day!"
297,"Hello! I would be very happy to help you with your question regarding charging the earphones case battery.\n\nBased on the retrieved knowledge base content, here are the steps to charge the earphones case when the battery is low:\n\n1. To power the charging case, insert the USB-C cable into the charging port located at the back of the charging case.  \n   <PIC>\n2. Insert the standard USB cable into any suitable USB port.\n   <PIC>\n3. The Battery Level LED Indicators will light up according to the battery capacity.  \n   <PIC>\n4. You can see the case battery level at any time by pressing the button on the right hand side of the case.  \n   <PIC>\n\nAdditionally, when the case is opened, the earbuds will first connect to each other then enter pairing mode. When in the case, the earbud LEDs show their charge status:  \n<PIC>\n\nI hope this helpful information resolves your query! If you have any further questions or need additional assistance, please feel free to reach out to us at any time. Wishing you a wonderful day!, [""earphones_04"", ""earphones_05"", ""earphones_06"", ""earphones_07"", ""Manual12_5""]"
298,"Hello! I would be very happy to help you with your question regarding Bluetooth pairing and connection scenarios.\n\nBased on the retrieved knowledge base content, here are the scenarios you might encounter when pairing and connecting your earbuds:\n\n1. **Automatic Reconnection to a Previously Paired Device**:  \n   From the manual:  \n   > ""If the earbuds have been previously paired to a nearby device they will automatically re-connect to it.""  \n   <PIC>\n\n2. **Multipoint Bluetooth Connection (Connecting Two Devices)**:  \n   The manual explains:  \n   > ""With the multipoint connection function, you can connect up to two devices with your earbuds (i.e. a smartphone and a computer).  \n   > •To activate multipoint connection, go to the Bluetooth menu of the device already paired to your earbuds and turn Bluetooth OFF. The earbuds will disconnect from your device and become available for pairing to a second device.  \n   > •Pair earbuds to your second device.  \n   > •Turn Bluetooth back ON on your first device and the earbuds will auto-reconnect to it. You now have two devices paired and can use either for music or calls.""\n\n3. **Pairing a New Device**:  \n   The manual states:  \n   > ""Turn Bluetooth OFF on your phone/device. The earphones will go into pairing mode. Alternatively, you can press then press and hold either the left or right earbud to drop the current connection and enter pairing mode.""\n\n4. **Standard Bluetooth Connection**:  \n   > ""Go to the Bluetooth page in the settings app on your phone. Make sure Bluetooth is ON before connecting to the available device ‘earphones’.""\n\nI hope this helpful information resolves your query! If you have any further questions or need additional assistance, please feel free to reach out to us at any time. Wishing you a wonderful day!, [""Manual12_7""]"
299,"Hello! I'd be happy to help you. I sincerely apologize for any inconvenience, but we couldn't find any information regarding ' the two main controling functions ...' in our product documentation. Please contact our live customer service team, and we will do our best to assist you!"
300,"Hello! Concerning your question about 'Besides the two main controling fun...', I have carefully checked our official manuals, but there doesn't seem to be any detail about this in our knowledge base. Please feel free to connect with our online customer support team. We are always here to help! Please refer to the following related illustrations: <PIC>, [""Manual22_30"", ""Manual22_31""]"
301,"Hello! I would be very happy to help you with your question regarding resetting your earphones.\n\nBased on the information I have, here are the steps to reset your earphones:\n\nFirst, please ensure your earbuds are disconnected from Bluetooth and removed from the charging case in order to reset them.\n\n- **Factory Reset**: To perform a factory reset, press and hold the button for **6 seconds**. This will erase all settings.  \n  <PIC>\n\n- **Hardware Reset**: To perform a hardware reset (which restarts the earphones), press and hold the button for **10 seconds**. After that, press the button again to power them on.  \n  <PIC>\n\nPlease note that hardware resets are only necessary in the rare case that the earbuds lock up and are unresponsive. Flashing red and blue lights may indicate this situation.\n\nI hope this helpful information resolves your query! If you have any further questions or need additional assistance, please feel free to reach out to us at any time. Wishing you a wonderful day!, [""Manual12_11"", ""Manual12_12""]"
302,"Hello! I would be very happy to help you with your question regarding the maintenance and care policies of the earphones.\n\nBased on the retrieved knowledge base content, here are the detailed maintenance and care instructions for your earphones:\n\n- Use a soft cloth or paper towel to clean your earphones. Never use any harsh chemicals or detergents for cleaning. Make sure your earphones are dry before charging.\n- When your earphones are not in use, they should be stored in a cool, dry place.\n- Never tug or yank on a cable while it is connected to your charging case. Connect and disconnect cables as carefully as possible.\n- Never expose your earphones to high temperatures, extreme cold.\n- Please recycle or dispose of your earphones properly based on the laws and rules of your municipality. Contact local recycling facilities and/or the manufacturer of your earphones for further information.\n\nI hope this helpful information resolves your query! If you have any further questions or need additional assistance, please feel free to reach out to us at any time. Wishing you a wonderful day! Please refer to the following related illustrations: <PIC>, [""Manual22_30"", ""Manual22_31""]"
303,"Hello! I would be very happy to help you with your question regarding the eReader's buttons and interfaces from three different observing views.\n\nBased on the retrieved knowledge base content, here are the buttons and interfaces of this eReader, organized from three different observing views:\n\n**1. Front/Display View (Main Interface & Navigation):**\n- **Display Settings:** You can access the ""Display Settings"" by selecting it and clicking the ""M"" button. This menu allows you to adjust the ""Light time"" (options: 5 Seconds, 10 Seconds, 15 Seconds, 20 Seconds, 30 Seconds, and Always On) and the ""Brightness"" (5 levels). <PIC> <PIC>\n- **System Settings:** Select ""System Settings"" and click the ""M"" button to enter. Here you can find:\n  - **Restorable:** Restore your system to factory default settings. <PIC>\n  - **Key Lock Time:** Options include 10 Seconds, 30 Seconds, 5 Minutes, 10 Minutes, or No Locking. <PIC>\n  - **Language Settings:** The device provides several On Screen languages: English, Chinese, Deutsch, Portugues, French, Spanish, and other languages. <PIC>\n  - **System Information:** Displays version information, product brands, company names, Software version, Memory Size, and other information. <PIC>\n  - **Automatic shutdown time:** Options include 3 minutes, 5 minutes, 10 minutes, 15 minutes, and 20 minutes. <PIC>\n  - **Time Settings:** Change the ""HH"" hour and ""MM"" minutes using the ""Up/Down/Left/Right"" direction key, then select ""YES"" to confirm. <PIC>\n  - **Date Settings:** Change the ""YY"" year, ""MM"" month, and ""D"" days using the ""Up/Down/Left/Right"" direction key, then select ""YES"" to confirm. <PIC>\n- **Calendar:** Select the ""Calendar"" then click the ""M"" button to enter. <PIC>\n\n**2. Content/Reading View (Book Selection & Page Turning):**\n- **Selecting the Book:** Select the desired book, then click the ""M"" button to start reading its content.\n- **Previous/Next Page:** You can use the dedicated buttons to ""turn"" the page. You can also use the up and down in Navigation control to do the same task.\n- **Compatible Formats:** The eBook supports EPUB, FB2, HTML, PDF, and TXT formats.\n\n**3. Side/Control View (Physical Buttons & Navigation):**\n- **""M"" Button:** This is the primary confirmation/enter button used throughout all menus (Calendar, Display Settings, System Settings, Book Selection, etc.).\n- **Navigation Control (Up/Down/Left/Right):** These direction keys are used for navigating menus, adjusting time/date settings, and turning pages (up and down).\n- **Previous/Next Page Buttons:** Dedicated buttons for turning pages in the reading view.\n\nI hope this helpful information resolves your query! If you have any further questions or need additional assistance, please feel free to reach out to us at any time. Wishing you a wonderful day!, [""Manual13_13"", ""eReader_01"", ""eReader_02"", ""eReader_02"", ""eReader_03"", ""eReader_03"", ""eReader_04"", ""eReader_05"", ""eReader_05"", ""eReader_06""]"
304,"Hello! I would be very happy to help you with your question regarding the functions of the Main Menu and Browser History of your eReader.\n\nBased on the retrieved knowledge base, here is the information for you:\n\n**Main Menu**\nThe Main Menu interface shows all the features of this device. You can select the desired function and then enter it.\n<PIC>\n> ""This interface shows all features of this device as follows: 'Browser History', 'eBook', 'Music', 'Video', 'Photo', 'Record', 'Explorer', 'settings' Select the desire function, then enter.""\n\n**Browser History**\nThe Browser History function displays the files you have recently browsed. You can move the navigation keys to select a book and press the ""M"" button to enter, which will take you to the last page you read on the selected book.\n<PIC>\n> ""Display the file recently browsed, move the Navigation keys to select a book press 'M' button to enter, it will go to the last page you read on the selected book.""\n\nI hope this helpful information resolves your query! If you have any further questions or need additional assistance, please feel free to reach out to us at any time. Wishing you a wonderful day!, [""Manual13_3"", ""Manual13_4""]"
305,"Hello! I would be very happy to help you with your question regarding the eReader's eBook mode functions.\n\nBased on the retrieved knowledge base content, when you are in eBook mode and press the ""M"" button, you can access a menu that includes several useful features. Specifically, the manual states:\n\n""When in eBook mode, you can press “M” button to enter 'Page Jump', 'Save Mark', 'Load Mark', 'Del Mark', 'Browser Mode', 'Flip Time', 'Brightness', 'Set color'.""\n\n<PIC>\n\nThis means pressing the ""M"" button allows you to choose from these options to navigate, manage bookmarks, adjust display settings, and more. For example, you can select ""Page Jump"" to go to a specific page number, or ""Save Mark"" to bookmark the current page.\n\nI hope this helpful information resolves your query! If you have any further questions or need additional assistance, please feel free to reach out to us at any time. Wishing you a wonderful day!, [""eReader_08""]"
306,"Hello! I would be very happy to help you with your question regarding listening to music on your eReader.\n\nTo listen to music using your eReader, please follow these steps based on the device's manual:\n\n1.  **Open the audio files list**: Go to the main menu and select the desired audio file, then press the **""M""** button to enter play mode.\n2.  **Add audio files**: You can add audio files by connecting your eReader to your computer via a USB cable. Simply drag your desired audio files and paste them into the device. This device supports MP3, WMA, WAC, ACC, and ECT formats.\n3.  **Adjust the volume**: Press the **""Up/Down""** key at the Navigation or Up/Prev page, Down/Next page key to adjust the volume.\n4.  **Play/Pause**: Press the **""Play / Pause""** key to pause or continue play.\n5.  **Forward/Backward/Previous/Next**: Press and hold the **""left direction""** key to backward the music and the **""right direction""** key to forward the music. Press and release the **""left direction""** key to go to the previous audio file and the **""right direction""** key to go to the next audio file.\n6.  **Music play mode**: There are five audio playing modes: ""Repeat Mode"", ""Play Mode"", ""MS EQ"", ""EQ Sel"", and ""User EQ setup"". When in Music mode, press **""M""** then select the desired mode you wish to adjust.\n\n<PIC> <PIC>\n\nAdditionally, you can also listen to your audio files while reading an E-book or browsing photos or the menu.\n\nI hope this helpful information resolves your query! If you have any further questions or need additional assistance, please feel free to reach out to us at any time. Wishing you a wonderful day!, [""Manual13_7"", ""Manual13_8""]"
307,"Hello! I would be very happy to help you with your question regarding the eReader's voice recording feature.\n\nYes, this eReader does support voice recording! According to the retrieved knowledge base, the device is compatible with **Voice Recording: ACC** format.\n\nTo operate this feature, please follow these steps:\n\n1. **Enter Voice Record Mode**: Select the ""Record"" option in the main menu, then click the **""M"" button** to enter the voice record mode.  \n   <PIC>\n\n2. **Start Recording**: Press the **""Play/Pause"" button** to begin recording. Press it again to pause the recording.\n\n3. **Stop Recording**: Press the **""HOME"" button** to stop the recording.\n\n4. **Save or Discard**: After you finish recording, you will be prompted to ask if you want to save the file into the device. Please select **""YES""** or **""NOT""** by pressing the **""M"" key**.  \n   <PIC>\n\nI hope this helpful information resolves your query! If you have any further questions or need additional assistance, please feel free to reach out to us at any time. Wishing you a wonderful day!, [""Manual13_11"", ""Manual13_12""]"
308,"Hello! I would be very happy to help you with your question regarding playing video on your eReader.\n\nBased on the retrieved knowledge base content, here is how you can play video on your device:\n\nGo to ""Video"" and press the ""M"" key to enter the Video mode. This device supports AVI, RMVB, and MPEG2 video formats.\n\n<PIC>\n\nAdditionally, while in video playing mode, you can adjust the following settings by pressing the ""M"" button:\n- **Subtitle language**: If subtitles are available from your video file, press the ""M"" button then press Subtitle Language to make a change.\n- **Select Time play**: Press the ""M"" button then select ""time play"" to change the time to play.\n- **Full screen**: Press the ""M"" button then select ""Full Screen"" to change the screen display. There are three modes: ""Full screen"", ""Normal"", and ""Original"".\n- **Brightness**: There are five levels of brightness, so you can select the comfortable brightness.\n\nI hope this helpful information resolves your query! If you have any further questions or need additional assistance, please feel free to reach out to us at any time. Wishing you a wonderful day!, [""Manual13_9""]"
309,"Hello! I would be very happy to help you with your question regarding the eReader's photo viewing capabilities.\n\nYes, this eReader can absolutely function as a photo viewer! According to the retrieved knowledge base, the device supports **JPEG and BMP image formats** for photos. Here is how you can operate this feature:\n\n1. **Enter Photo Mode**: Go to the **Photo** option on the main menu and press the **""M button""** to enter Photo mode.  \n   <PIC>\n\n2. **Navigate Photos**:  \n   - **Previous/Next Photo**: Press the **""left / right"" navigation keys** to go to the previous or next photo.  \n   - **Rotate Photo**: Press the **""Play/Pause"" key** to rotate the photo in a counter-clockwise sequence.  \n   - **Zoom In/Out**: Use the designated zoom keys to zoom in or out of a photo.  \n\n3. **Important Note**: Some large size files may require more time to rotate and load into the photo viewer than smaller files.  \n   <PIC>\n\nI hope this helpful information resolves your query! If you have any further questions or need additional assistance, please feel free to reach out to us at any time. Wishing you a wonderful day!, [""Manual13_3"", ""Manual13_10""]"
310,"Hello! I would be very happy to help you with your question regarding troubleshooting for your eReader.\n\nBased on the retrieved knowledge base content, the section titled **""Troubleshooting""** is listed in the table of contents, but unfortunately, the specific details about the types of troubles you might encounter and how to solve them are not provided in the available documents.\n\nThe content only mentions:\n> # Troubleshooting\n\nAnd in the table of contents, it references:\n> Trouble recovery .............................124  \n> Troubleshooting ...........................124  \n> Troubleshooting chart...............124  \n> Emergency procedures................126  \n> Jet pump clean-out procedure...............................126  \n> Jump-starting............................128  \n> Fuse replacement .....................128  \n> Towing the boat ........................130\n\nHowever, these entries appear to be related to a boat manual rather than the eReader device, and no actual troubleshooting steps or solutions are included in the retrieved text.\n\nI sincerely apologize that I cannot provide the specific troubleshooting information you are looking for at this time. If you have any other questions about the eReader's settings, display, or other features, I would be more than happy to assist you! Wishing you a wonderful day! Please refer to the following related illustrations: <PIC>, [""eReader_06"", ""eReader_07"", ""Manual13_13""]"
311,"Hello! I would be very happy to help you with your question regarding the proper procedure for connecting your fax machine.\n\nBased on the retrieved knowledge base content, I can provide you with the following important safety and connection guidelines:\n\nFirst, please ensure you read the **Product Safety Guide** before attempting to operate the product. The guide states:\n\n> ""Read this guide before attempting to operate the product, or before attempting any maintenance, and ensure that you follow all warnings and instructions marked on the product. If you have concerns about how to use your product safely after reading this guide, contact brand of the fax customer service or your local brand of the fax dealer. Failure to follow these instructions may result in an increased risk of personal injury or damage to property, including through fire, electrical shock, burns or suffocation.""\n\nAdditionally, for the **LAN Connection** (if your model has the wired LAN function), please note the following caution:\n\n> ""CAUTION: DO NOT connect this product to a LAN connection that is subject to over-voltages.""\n\nFor more advanced instructions, information, and product specifications, please refer to the **Online User's Guide** as mentioned in the documentation.\n\nI hope this helpful information resolves your query! If you have any further questions or need additional assistance, please feel free to reach out to us at any time. Wishing you a wonderful day! Please refer to the following related illustrations: <PIC>, [""fax_01"", ""fax_02"", ""fax_03""]"
312,"Hello! I would be very happy to help you with your question regarding the safe use of your fax machine. Your safety is our top priority, and I have gathered the relevant information from our knowledge base to assist you.\n\nBased on the retrieved content, here are the key safety precautions you should follow when using your fax machine:\n\n**Important Safety Instructions:**\n- **DO NOT attempt to service this product yourself**, as opening or removing covers may expose you to dangerous voltage points and other risks, and may void your warranty. Please refer all servicing to a brand of the fax Authorized Service Center.\n- **Read all of these instructions** and save them for later reference.\n- **Follow all warnings and instructions marked on the product.**\n- **Unplug this product from the AC power outlet** and refer all servicing to brand of the fax Authorized Service Personnel under the following conditions:\n  - If liquid has been spilled into the product.\n  - If the product has been exposed to rain or water.\n  - If the product does not operate normally when the operating instructions are followed. Adjust only those controls that are discussed in the operating instructions. Improper adjustment of other controls may result in damage and will often require extensive work by a qualified technician to restore the product to normal operation.\n  - If the product exhibits a distinct change in performance, indicating a need for service.\n\n**WARNING (Models with the fax function only):**\nWhen using your telephone equipment, basic safety precautions should always be followed to reduce the risk of fire, electrical shock, and injury to people. These important safety precautions include the following:\n1. **DO NOT use this product near water** or locations that may become wet, for example, near a bathtub, wash bowl, kitchen sink or washing machine, in a wet basement, or near a swimming pool.\n2. **Avoid using this product during a thunderstorm.** There may be a remote risk of an electrical shock from lightning.\n3. **DO NOT use this product to report a gas leak** in the vicinity of the leak.\n4. **Use only the power cord provided with the product** (if included in the box).\n\n**Product Safety Guide:**\n- Read this guide before attempting to operate the product or any maintenance, and ensure that you follow all warnings and instructions marked on the product.\n- If you have concerns about how to use your product safely after reading this guide, contact brand of the fax customer service or your local brand of the fax dealer.\n- Failure to follow these instructions may result in an increased risk of personal injury or damage to property, including through fire, electrical shock, burns or suffocation.\n\nI hope this helpful information resolves your query! If you have any further questions or need additional assistance, please feel free to reach out to us at any time. Wishing you a wonderful day! Please refer to the following related illustrations: <PIC>, [""fax_01"", ""fax_02"", ""fax_03""]"
313,"Hello! I would be very happy to help you with your question regarding keeping your fingers safe while using the fax machine.\n\nBased on the retrieved knowledge base content, here are the important safety precautions you should pay attention to:\n\n**CAUTION**  \nWait until pages have exited the product before picking them up. Failure to do this may cause injury to your fingers by trapping them inside the machine.  \n\nDO NOT put your hand or any foreign objects into the ink insertion slot. Doing this may cause injury.  \n\nIf the tray has been extended to hold large paper, position the product so that the tray does not protrude past the edge of the table or desk. If someone hits the tray, the product could fall and cause injury.  \n\n<PIC> To prevent injuries, be careful not to put your fingers in the areas shown in the illustrations.  \n\n<PIC> When changing the tray size from the large paper size to the original size, be careful not to pinch your fingers in the gaps or slots in the bottom of the tray. It may cause injury to you.  \n\n<PIC>  \n\n(MFC-J6540DW/MFC-J6555DW/MFC-J6740DW/MFC-J6940DW/MFC-J6955DW) Be careful not to put your fingers in the areas shown in the illustrations. It may cause injury to you.  \n\n<PIC> (MFC-J5955DW/MFC-J6540DW/MFC-J6555DW/MFC-J6740DW/MFC-J6940DW/ MFC-J6955DW)  \n\nTo prevent possible injuries, at least two people should lift the product. One person should hold the front of the product, and one person should hold the back, as shown in the illustration below. Carry the product by sliding your hands into the handhold indentations located on each side of the product. Be careful not to trap your fingers when you put the product down.  \n\n<PIC> DO NOT carry the product by holding the areas shown in the illustrations. Doing this may cause the product to slip out of your hands and may result in injury.\n\nI hope this helpful information resolves your query! If you have any further questions or need additional assistance, please feel free to reach out to us at any time. Wishing you a wonderful day!, [""Manual15_6"", ""Manual15_7"", ""Manual15_8"", ""Manual15_9"", ""fax_08""]"
314,"Hello! I would be very happy to help you with your question regarding moving your fax machine.\n\nBased on the retrieved knowledge base content, here are the important safety precautions you should pay attention to when moving your fax:\n\n[Document-1] states:\n> # WARNING (Models with the fax function only)\n> When using your telephone equipment, basic safety precautions should always be followed to reduce the risk of fire, electrical shock, and injury to people. These important safety precautions include the following:\n> 1. DO NOT use this product near water or locations that may become wet, for example, near a bathtub, wash bowl, kitchen sink or washing machine, in a wet basement, or near a swimming pool.\n> 2. Avoid using this product during a thunderstorm. There may be a remote risk of an electrical shock from lightning.\n> 3. DO NOT use this product to report a gas leak in the vicinity of the leak.\n> 4. Use only the power cord provided with the product (if included in the box). Read all of the instructions. Save them for later reference.\n\nAdditionally, [Document-5] provides this important warning:\n> # If water, other liquids, or metal objects get inside the product, immediately unplug the product from the AC power outlet and contact brand of the fax Authorized Service Personnel.\n> This product should be connected to an AC power source within the range indicated on the rating label on your machine. DO NOT connect it to a DC power source or inverter. If you are not sure what kind of power source you have, contact a qualified electrician.\n\nI hope this helpful information resolves your query! If you have any further questions or need additional assistance, please feel free to reach out to us at any time. Wishing you a wonderful day! Please refer to the following related illustrations: <PIC>, [""fax_01"", ""fax_02"", ""fax_03""]"
315,"Hello! I would be very happy to help you with your question regarding the caution or warning labels inside your product.\n\nBased on the retrieved knowledge base content, I can confirm that these labels are indeed very important and must not be removed. The manual clearly states:\n\n> ""DO NOT remove or damage any of the caution or warning labels inside the product.""  \n> <PIC>  \n> ""Moving parts are located in the gray shaded areas shown in the illustration. Keep your hands away from those areas when the parts are moving, or else injury may result.""  \n> ""DO NOT remove or damage the caution or warning label inside the product.""  \n> <PIC>\n\nAdditionally, the manual explains the meaning of these labels:\n> ""CAUTION indicates a potentially hazardous situation which, if not avoided, may result in minor or moderate injuries.""\n\nSo, to directly answer your question: **Yes, these labels are very important for your safety.** You should absolutely **not** remove them, as doing so could lead to injury or damage to the product. Please keep all caution and warning labels intact.\n\nI hope this helpful information resolves your query! If you have any further questions or need additional assistance, please feel free to reach out to us at any time. Wishing you a wonderful day!, [""Manual15_14"", ""Manual15_15""]"
316,"Hello! I would be very happy to help you with your question regarding the fax function availability in Canada.\n\nBased on the retrieved knowledge base content, there is a specific statement for Canada. The document titled ""EQUIPMENT ATTACHMENT LIMITATIONS (Canada Only) (Models with the fax function only)"" states:\n\n> **NOTICE**  \n> This product meets the applicable Innovation, Science and Economic Development Canada technical specifications.\n\nAdditionally, the ""Industry Canada Compliance Statement (Canada Only)"" confirms:\n\n> This device complies with Industry Canada's licence-exempt RSSs. Operation is subject to the following two conditions:  \n> (1) this device may not cause interference, and (2) this device must accept any interference, including interference that may cause undesired operation of the device.\n\nI hope this helpful information resolves your query! If you have any further questions or need additional assistance, please feel free to reach out to us at any time. Wishing you a wonderful day!"
317,"Hello! I would be very happy to help you with your question regarding how to connect the regulator to the LP tank for your grill. Here are the clear, step-by-step instructions based on the manual:\n\n1. **LP tank must be properly secured onto the grill.** (Refer to the assembly section.)\n2. **Turn all control knobs to the OFF position.**\n3. **Turn LP tank OFF** by turning the OPD hand wheel clockwise to a full stop.\n4. **Remove the protective cap from the LP tank valve.** Always use the cap and strap supplied with the valve.  \n   <PIC>  \n   **Do not use a POL transport plug (plastic part with external threads)!** It will defeat the safety feature of the valve.  \n   <PIC>\n5. **Hold the regulator and insert the nipple into the LP tank valve.** Hand-tighten the coupling nut, holding the regulator in a straight line with the LP tank valve so as not to cross-thread.  \n   <PIC>  \n   **The nipple has to be centered into the LP tank valve.**\n6. **Turn the coupling nut clockwise and tighten to a full stop.** The regulator will seal on the back-check feature in the LP tank valve, resulting in some resistance. An additional one-half to three-quarters turn is required to complete the connection. **Tighten by hand only – do not use tools.**\n\n**Important Note:** If you cannot complete the connection, disconnect the regulator and repeat steps 5 and 6. If you are still unable to complete the connection, do not use this regulator!  \n<PIC>\n\nI hope this helpful information resolves your query! If you have any further questions or need additional assistance, please feel free to reach out to us at any time. Wishing you a wonderful day!, [""Manual19_16"", ""Manual19_17"", ""Manual19_18"", ""Manual19_19""]"
318,"Hello! I would be very happy to help you with your question regarding leak testing on the valves, hose, and regulator for your grill. Your safety is our top priority, and I am glad you are taking this important step!\n\nBased on the retrieved knowledge base, here are the detailed steps for performing a leak test:\n\n1. **Turn all grill control knobs to OFF.**\n2. **Be sure regulator is tightly connected to LP tank.**\n3. **Completely open LP tank valve by turning OP D hand wheel counterclockwise.** If you hear a rushing sound, turn gas off immediately. There is a major leak at the connection. Correct before proceeding by calling Sears for replacement parts at 1-800-4-MY-HOME.\n4. **Brush soapy solution onto areas where bubbles are shown in the picture below:**\n   <PIC>\n5. **If ""growing"" bubbles appear, there is a leak.** Close LP tank valve immediately and retighten connections. If leaks cannot be stopped, do not try to repair. Call Sears for replacement parts at 1-800-4-MY-HOME.\n6. **Always close LP tank valve after performing leak test** by turning hand wheel clockwise.\n   <PIC>\n\nAdditionally, please remember these important safety tips:\n- **Do not use grill until leak-tested.**\n- **Never attempt to attach this grill to the self-contained LP gas system of a camper trailer or motor home.**\n   <PIC>\n\nI hope this helpful information resolves your query! If you have any further questions or need additional assistance, please feel free to reach out to us at any time. Wishing you a wonderful day and safe grilling!, [""Manual19_20"", ""Manual19_21"", ""Manual19_22""]"
319,"Hello! I would be very happy to help you with your question regarding indirect cooking using the grill.\n\nBased on the retrieved knowledge base content, here are the key points you should pay attention to for indirect cooking:\n\n- **Always cook with the lid closed.** Due to weather conditions, cooking times may vary. During cold and windy conditions, the temperature setting may need to be increased to ensure sufficient cooking temperatures.  \n  <PIC>\n\n- **Indirect cooking is great on low.** It produces slow, even heating and is ideal for slow roasting and baking.  \n  <PIC>\n\n- **Poultry and large cuts of meat cook slowly to perfection** by indirect heat. The heat from selected burners circulates gently throughout the grill, cooking meat or poultry without the touch of a direct flame. This method greatly reduces flare-ups when cooking extra fatty cuts because there is no direct flame to ignite the fats and juices that drip during cooking.  \n  <PIC>\n\n- **1 Burner Cooking** can be used with direct or indirect heat. It is best for smaller meals or foods and consumes less fuel.  \n  <PIC>\n\nI hope this helpful information resolves your query! If you have any further questions or need additional assistance, please feel free to reach out to us at any time. Wishing you a wonderful day!, [""Manual19_37"", ""Manual19_37"", ""Manual19_36"", ""Manual19_36""]"
320,"Hello! I would be very happy to help you with your question regarding the assembly process of the grill.\n\nBased on the retrieved knowledge base content, the first three steps in the assembly process are not explicitly listed as a numbered sequence from step 1 to step 3. However, the manual does provide detailed assembly instructions. The earliest assembly-related steps mentioned in the documents are:\n\n1. **Step 4 (Document-6)**: ""This step requires two people to lift and position grill head onto cart. Carefully lower the grill head onto the cart, aligning slots at bottom of grill head with posts on cart side panels. Make sure the regulator hose is hanging inside the cart. Grill head must face open side of cart.""  \n   <PIC>\n\n2. **Step 7 (Document-5)**: ""Attach left side lower fascia to left side upper fascia using three #10x3/8” screws, 5mm lock washers and 5mm flat washers, shown A. Remove the three screws and washers which were attached on left side of firebox front, shown B. Insert flange on left side shelf into side shelf brackets on side of firebox, shown C. Attach front of side shelf using the three screws and washers which were removed from left side of firebox front, shown D. Attach rear of shelf using one 1/4-20x1/2"" screw, 7 mm lock washer, fiber washer and 1/4” Nut, shown E/F.""  \n   <PIC>  \n   <PIC>  \n   <PIC>  \n   <PIC>\n\nPlease note that the manual does not provide a separate ""first three steps"" list, but these are the earliest numbered assembly steps available in the provided content. If you need the complete assembly sequence, I recommend referring to the full manual for steps 1 through 3.\n\nI hope this helpful information resolves your query! If you have any further questions or need additional assistance, please feel free to reach out to us at any time. Wishing you a wonderful day!, [""Manual19_53"", ""Manual19_56"", ""Manual19_57"", ""Manual19_58"", ""Manual19_59""]"
321,"Hello! I would be very happy to help you with your question regarding safety tips for using the grill. Here are some important safety guidelines based on the information we have:\n\n**Safety Tips:**\n- Before opening the LP tank valve, check the coupling nut for tightness.\n- When the grill is not in use, turn off all control knobs and the LP tank valve.\n- Never move the grill while it is in operation or still hot.\n- Use long-handled barbecue utensils and oven mitts to avoid burns and splatters.\n- The maximum load for shelves is 10 lbs.\n- Do not use a cooking pot larger than 8"" on the grid.\n- The grease tray must be installed into the opening in the back panel and should be emptied after each use. Do not remove the grease tray until the grill has completely cooled.\n- If you notice grease or other hot material dripping from the grill onto the valve, hose, or regulator, turn off the gas supply at once. Determine the cause, correct it, then clean and inspect the valve, hose, and regulator before continuing. Perform a leak test.\n- The regulator may make a humming or whistling noise during operation. This will not affect safety or use of the grill.\n- If the regulator frosts, turn off the grill and LP tank valve immediately. This indicates a problem with the tank and it should not be used on any product. Return to supplier!\n- If the burner does not light, turn knobs to OFF, wait 5 minutes, and try again. Always close the valve during the 5-minute waiting period. If the burner does not ignite with the valve open, gas will continue to flow out of the burner and could accidentally ignite with risk of injury.\n\n<PIC>  \n<PIC>\n\n**For Safe Use Of Your Grill And To Avoid Serious Injury:**\n- Do not let children operate or play near the grill.\n- Keep the grill area clear and free from materials that burn.\n- Do not block holes in the bottom or back of the grill.\n- Check burner flames regularly.\n- Use the grill only in a well-ventilated space. NEVER use in an enclosed space such as a carport, garage, porch, covered patio, or under an overhead structure of any kind.\n- Do not use charcoal or ceramic briquets in a gas grill! (Unless briquets are supplied with your grill.)\n- Use the grill at least 3 ft. from any wall or surface. Maintain 10 ft. clearance to objects that can catch fire or sources of ignition such as pilot lights on water heaters, live electrical appliances, etc.\n\n<PIC>\n\nI hope this helpful information resolves your query! If you have any further questions or need additional assistance, please feel free to reach out to us at any time. Wishing you a wonderful day!, [""Manual19_24"", ""Manual19_25"", ""Manual19_23""]"
322,"Hello! I would be very happy to help you with your question regarding the identification numbers of your jetski. I understand it can be a bit confusing at first, but let me explain everything clearly for you!\n\nBased on the retrieved knowledge base, your jetski has several important identification numbers that you should record and keep in a safe place. Here are the details:\n\n**Primary Identification (PRI-ID) number**  \nThe PRI-ID number is stamped on a label attached inside the engine compartment. (See page 56 for engine hood opening and closing procedures.)  \n<PIC>  \n1 Primary Identification (PRI-ID) number  \n<PIC>\n\n**Hull Identification Number (HIN)**  \nThe HIN is stamped into the right rear corner of the hull.  \n<PIC>  \n1 Hull Identification Number (HIN)\n\n**Engine serial number**  \nThe engine serial numbers are stamped on a label attached to each engine unit. (See page 56 for engine hood opening and closing procedures.)  \n<PIC>  \n1 Engine serial number\n\n**Frame number**  \nA.FRAME NUMBER:  \n<PIC>\n\n**Important note from the manual:**  \n""Record your Primary Identification (PRI-ID) number, Hull Identification Number (HIN), and engine serial number in the spaces provided to assist you in ordering spare parts from your Boat Dealer. Also, record and keep these ID numbers in a separate place in case your boat is stolen.""\n\nI hope this helpful information resolves your query! If you have any further questions or need additional assistance, please feel free to reach out to us at any time. Wishing you a wonderful day!, [""Manual09_2"", ""Manual09_3"", ""Manual09_4"", ""Manual09_5"", ""Manual34_0""]"
323,"Hello! I would be very happy to help you with your question regarding the cruising limitations of your jetski.\n\nBased on the retrieved knowledge base content, I can see that the manual includes a section titled **""Trouble recovery""** which covers important procedures such as troubleshooting, emergency procedures, and jet pump clean-out. However, the specific content provided does not include a dedicated section or detailed information about ""cruising limitations"" such as speed restrictions, range limits, or operational boundaries for normal cruising.\n\nThe retrieved documents primarily focus on:\n- Storage procedures\n- Important labels and identification numbers (HIN, engine serial number, emission control information)\n- Tow hitch usage\n- Troubleshooting and emergency procedures\n\nSince the knowledge base does not contain explicit details about cruising limitations, I am unable to provide a specific answer on this topic from the available information.\n\nI hope this helpful information resolves your query! If you have any further questions or need additional assistance, please feel free to reach out to us at any time. Wishing you a wonderful day! Please refer to the following related illustrations: <PIC>, [""Manual34_79""]"
324,"Hello! I would be very happy to help you with your question regarding the cruising limitations of your jetski.\n\nBased on the retrieved knowledge base content, I can see that your manual includes a section titled **""Trouble recovery""** which covers important procedures for when you are out on the water. However, the specific details about cruising limitations—such as speed restrictions, distance limits, or operational boundaries—are not explicitly mentioned in the provided documents.\n\nThe manual does reference the following related topics under the ""Trouble recovery"" section:\n- **Troubleshooting**\n- **Troubleshooting chart**\n- **Emergency procedures**\n- **Jet pump clean-out procedure**\n- **Jump-starting**\n- **Fuse replacement**\n- **Towing the boat**\n\nThese sections are designed to help you handle situations that may arise while cruising, but they do not contain a dedicated list of cruising limitations.\n\nI hope this helpful information clarifies what is available in your manual! If you have any further questions or need additional assistance, please feel free to reach out to us at any time. Wishing you a wonderful day! Please refer to the following related illustrations: <PIC>, [""Manual34_79""]"
325,"Hello! I would be very happy to help you with your question regarding the operation requirements for your jetski.\n\nBased on the retrieved knowledge base content, here are the important operation requirements you should follow:\n\nFirst and foremost, before operating the boat, please read the owner’s/operator’s manual, the Operation Instruction card, and all labels on the boat. These materials will give you a thorough understanding of the boat and its operation. Additionally, never allow anyone to operate this boat until they too have read the owner’s/operator’s manual, the Operation Instruction card, and all labels. <PIC> <PIC>\n\nFurthermore, there are important limitations on who may operate the watercraft. Jetski recommends a minimum operator age of 16 years old. Adults must supervise use by minors. It is also important to know the operator age and training requirements for your state. A boating safety course is recommended and may be required in your state. You can find local rules by contacting the United States Coast Guard (USCG), the National Association of State Boating Law Administrators, or your local Power Squadron. <PIC>\n\nThis watercraft is designed to carry the operator and one passenger. Never exceed the maximum load limit or allow more than 2 persons to ride the watercraft at one time. The maximum load is 160 kg (353 lb), which is the total weight of cargo, operator, and passenger. Also, do not operate the watercraft with a passenger on board until you have considerable practice and experience riding alone, as operating with a passenger requires more skill.\n\nI hope this helpful information resolves your query! If you have any further questions or need additional assistance, please feel free to reach out to us at any time. Wishing you a wonderful day!, [""Manual09_6"", ""Manual09_7"", ""Manual20_15""]"
326,"Hello! I would be very happy to help you with your question regarding the characteristics of your jetski.\n\nBased on the retrieved knowledge base content, here are the key characteristics and specifications for your watercraft:\n\n- **Operator and Passenger Capacity**: This watercraft is designed to carry the operator and one passenger. Never exceed the maximum load limit or allow more than 2 persons to ride the watercraft at one time.\n- **Maximum Load**: The maximum load is 160 kg (353 lb). Load is the total weight of cargo, operator, and passenger.\n- **Minimum Operator Age**: jetski recommends a minimum operator age of 16 years old. Adults must supervise use by minors.\n- **Fire Extinguisher Requirement**: Always carry a fire extinguisher on board. A fire extinguisher is not standard equipment with this watercraft. The required fire extinguisher classification is B-1, with a capacity of 2 lb or more.\n\n<PIC>\n\nI hope this helpful information gives you a clear understanding of your jetski's characteristics! If you have any further questions or need additional assistance, please feel free to reach out to us at any time. Wishing you a wonderful day!, [""Manual20_15""]"
327,"Hello! I would be very happy to help you with your question regarding the rules to obey when encountering other vessels while driving your jetski.\n\nBased on the retrieved knowledge base content, your jetski watercraft is legally considered a powerboat, and you must follow the rules and regulations governing the waterway on which it is used. Specifically, there are three main situations you may encounter with other vessels that could lead to a collision unless the Steering Rules are followed:\n\n**Meeting:** you are approaching another vessel head-on.  \n**Crossing:** you are traveling across another vessel’s path.  \n**Overtaking:** you are passing or being passed by another vessel.  \n\n<PIC>\n\nAdditionally, the rules presented in the manual are condensed, and it is recommended to consult your local U.S. Coast Guard Auxiliary or Department of Motor Vehicles for a complete set of rules governing the waters in which you will be operating your watercraft.\n\nI hope this helpful information resolves your query! If you have any further questions or need additional assistance, please feel free to reach out to us at any time. Wishing you a wonderful day!, [""Manual09_28""]"
328,"Hello! I would be very happy to help you with your question regarding the removal and installation of your jetski seat.\n\nBased on the retrieved knowledge base content, here are the steps for opening and closing the seat, which is also referred to as the luggage box:\n\nThe seat can be opened on the left side by unhooking the latches on the right side of the seat. To close the seat, slowly turn the seat to the right side. When it fits back into its home position, hook the latches securely.\n\nI hope this helpful information resolves your query! If you have any further questions or need additional assistance, please feel free to reach out to us at any time. Wishing you a wonderful day!"
329,"Hello! I would be very happy to help you with your question regarding how to open and close the hood of your jetski.\n\nBased on the retrieved knowledge base content, here are the steps for opening and closing the engine hood:\n\n**To open the engine hood:**\nThe engine hood latches are located under the front of the leaning post. To open the engine hood, pull the engine hood latches up and lift the engine hood.\n\n**Important Notice for 210FSH DELUXE models:**\nDo not open the engine hood while the anchor light is installed. Otherwise, the anchor light could be damaged.\n\n**To close the engine hood:**\nTo close the engine hood, push the leaning post to securely lock it in place.\n\n<PIC>\n\nI hope this helpful information resolves your query! If you have any further questions or need additional assistance, please feel free to reach out to us at any time. Wishing you a wonderful day!, [""Manual09_119""]"
330,"Hello! I would be very happy to help you with your question regarding the filler caps on your jetski.\n\nBased on the retrieved knowledge base content, I can see that there is a specific procedure for checking and replenishing oil, which involves removing the level bolt and filler cap. Here is the relevant information:\n\n# Oil Replenishing  \n1. Check the oil level by removing the level bolt and filler cap.  \n   <PIC>  \n   $\textcircled{1}$  Level bolt  $\circledcirc$  Filler cap  \n   <PIC>  \n2. Add chain oil until it begins to flow out from the level hole.  \n   <PIC>\n\nTo remove the filler cap, simply follow step 1: remove the level bolt and filler cap as shown in the illustrations. The images <PIC> and <PIC> provide a clear visual guide to help you identify and remove these components.\n\nI hope this helpful information resolves your query! If you have any further questions or need additional assistance, please feel free to reach out to us at any time. Wishing you a wonderful day!, [""Manual34_178"", ""Manual34_179"", ""Manual34_180"", ""Manual34_178"", ""Manual34_179""]"
331,"Hello! I would be very happy to help you with your question regarding the engine switches on your jetski.\n\nBased on the retrieved knowledge base content, the manual mentions two types of switches related to the engine: the **Engine shut-off switch** and the **Battery switches**. Here is the relevant information for you:\n\nFrom the manual's ""Control function operation"" section, it lists the following components:\n\n> **Engine shut-off switch** ................30  \n> **Battery switches** .........................30  \n> **Main switches** .............................31  \n> **Remote control levers**................. 32  \n> **Steering** ...................................... 34  \n> **Tilt lever** ...................................... 34\n\nTo manipulate these switches:\n- **Engine shut-off switch**: This is typically used to stop the engine in an emergency or when docking. You would operate it according to the specific instructions on page 30 of your manual.\n- **Battery switches** (also referred to as **Main switches**): These control the electrical power to the boat's systems. To use the boat (e.g., for sailing or driving), you need to turn the battery switch to the **ON** position. When the boat is not in use, you should turn it to the **OFF** position to conserve battery power.\n\nFor detailed step-by-step instructions on how to operate each switch, please refer to the specific pages mentioned in your manual (pages 30 and 31). \n\nI hope this helpful information resolves your query! If you have any further questions or need additional assistance, please feel free to reach out to us at any time. Wishing you a wonderful day! Please refer to the following related illustrations: <PIC>, [""Manual09_19"", ""Manual09_18"", ""Boat_02""]"
332,"Hello! I would be very happy to help you with your question regarding the two kinds of levers on the jetski.\n\nBased on the retrieved knowledge base content, there are two main levers you need to know how to manipulate:\n\n1. **Throttle Lever**: This lever controls the speed of the machine. According to the manual, you should ""Check the throttle lever operation before starting the engine. It must open smoothly and spring back to idle when released."" To move the machine forward, you need to ""Press the throttle lever slowly to move the machine.""\n\n2. **Brake Lever**: This lever is used to stop the machine and also to engage the parking brake. The manual states: ""Squeeze the brake lever to stop the machine."" For parking, you should ""Apply parking brake - squeeze the brake lever and push down the button, then pinch it in place by releasing the brake lever."" To release the parking brake, ""just squeeze the brake lever.""\n\nAdditionally, there is a **Drive Select Lever (Shift Lever)** for models like the VK540E, which is used to shift into drive, low, or reverse. The instructions say: ""After coming to a complete stop, squeeze the stopper underneath the lever and move the lever to the desired position."" <PIC> <PIC> <PIC>\n\nI hope this helpful information resolves your query! If you have any further questions or need additional assistance, please feel free to reach out to us at any time. Wishing you a wonderful day!, [""Manual34_44"", ""Manual34_45"", ""Manual34_46""]"
333,"Hello! Concerning your question about 'What information should I obtain ab...', I have carefully checked our official manuals, but there doesn't seem to be any detail about this in our knowledge base. Please feel free to connect with our online customer support team. We are always here to help!"
334,"Hello! I would be very happy to help you with your question regarding the fuel meter and hour meter on your jetski.\n\nBased on the retrieved knowledge base content, here is the information for you:\n\nRegarding the **fuel meter**, it is listed as one of the functions within the **Multifunction information center** on your meter. The meter contains several functions for the help and convenience of operation, including the fuel meter. <PIC>\n\nRegarding the **hour meter**, it is provided to make it easy to follow the maintenance schedule. The meter shows the hours of engine operation that have elapsed since the watercraft was new. <PIC>\n\nAdditionally, please note that the elapsed time will be kept even if the battery terminals have been disconnected. If the hour meter malfunctions, a ""$""\_-\_""$"" display will appear and the warning light will blink.\n\nI hope this helpful information resolves your query! If you have any further questions or need additional assistance, please feel free to reach out to us at any time. Wishing you a wonderful day!, [""Manual20_54"", ""Manual20_59""]"
344,"Hello! I would be very happy to help you with your question regarding inspecting the fuel filter and fuel tank of your jetski. It's great that you're taking such good care of your watercraft!\n\nRegarding the **fuel filter**, based on the retrieved knowledge base, here is the important information:\n\n""This watercraft is equipped with a one-piece, disposable fuel filter $\textcircled{1}$. The fuel filter should be replaced after the initial 10 hours or first month of operation and every 200 hours or 24 months thereafter, or if water is found in the filter. Have a Yamaha dealer replace the fuel filter if necessary.""\n\n<PIC>\n\n**Important Warning:** ""Do not try to replace the fuel filter yourself. An incorrectly installed filter can leak gasoline, which could lead to fire or explosion. If necessary, have a Yamaha dealer replace the fuel filter.""\n\nRegarding the **fuel tank**, the knowledge base states:\n\n""Check the fuel tank $\textcircled{1}$ for leakage or water in the tank. If water is found in the fuel system or if the fuel tank needs to be cleaned, have a Yamaha dealer service the watercraft.""\n\n<PIC>\n\nSo, for both inspections, the key takeaway is to visually check for any signs of water or leakage. However, if any issues are found or if the filter needs replacement, it is strongly recommended to have a Yamaha dealer perform the service for safety reasons.\n\nI hope this helpful information resolves your query! If you have any further questions or need additional assistance, please feel free to reach out to us at any time. Wishing you a wonderful day!, [""Manual20_81"", ""Manual20_82""]"
345,"Hello! I would be very happy to help you with your question regarding the adjustable sponson on your jetski.\n\nBased on the retrieved knowledge base content, here is the information available:\n\nThe adjustable sponson allows you to enhance either straight-line performance or turning performance according to your preference and operating conditions. The relevant text states:\n\n""Adjustable Sponson The sponsons   $\textcircled{1}$   have adjustable positioning to allow the operator to enhance either straight-line performance or turning performance according to the preference and operating conditions. (See page 4-23 for adjustment procedures.)  \n <PIC>""\n\nPlease note that the specific step-by-step adjustment procedures are referenced on page 4-23 of your manual. For the exact adjustment steps, I recommend consulting that page in your owner's manual.\n\nI hope this helpful information resolves your query! If you have any further questions or need additional assistance, please feel free to reach out to us at any time. Wishing you a wonderful day!, [""Manual20_69""]"
346,"Hello! I would be very happy to help you with your question regarding cleaning the jet intake and impeller of your jetski.\n\nBased on the retrieved knowledge base content, here is the information you need:\n\nFrom the manual, the section on **Jet intake checks** provides the following guidance:\n\n""Carefully check the jet intakes under the boat for weeds, debris, or anything else that might restrict the intake of water. If the intakes are clogged, cavitation could occur, reducing jet thrust, and possibly damaging jet pump parts. <PIC>\n\nIn some cases, the engines may overheat because of a lack of cooling water, and damage could result. If the jet intakes are clogged, clean them. (See page 126 for information on the jet intakes.)\n\nWARNING! Rotating parts could cause severe injury or death. Before attempting to remove weeds or debris from the jet intakes or impeller areas; shut off the engines, remove the main switch key, and then remove the engine shut-off cord (lanyard) from the engine shut-off switch.""\n\nAdditionally, the manual mentions a specific procedure for cleaning the jet pump under **Trouble recovery**:\n""Jet pump clean-out procedure...............................126""\n\nTo summarize the steps for cleaning:\n1.  **Safety First:** Before you begin, always shut off the engines, remove the main switch key, and remove the engine shut-off cord (lanyard) from the engine shut-off switch to prevent any accidental starting.\n2.  **Inspect:** Carefully check the jet intakes under the boat for weeds, debris, or anything else that might restrict the intake of water.\n3.  **Clean:** If the intakes are clogged, clean them. For detailed steps on the jet pump clean-out procedure, please refer to page 126 of your owner's manual.\n\nI hope this helpful information resolves your query! If you have any further questions or need additional assistance, please feel free to reach out to us at any time. Wishing you a wonderful day!, [""Manual09_216""]"
347,"Hello! I would be very happy to help you with your question regarding starting your jetski in different situations. Based on the retrieved knowledge base content, I can provide you with information on standard starting procedures and emergency starting.\n\nFor standard starting, please follow these steps:\n1. With the engine idling, release the parking brake.\n2. Apply the throttle slowly and smoothly. The centrifugal clutch will engage and you will start to accelerate.\n\nFor starting a cold engine, use the starter lever (choke):\n- **Starter lever (choke)**: Use this lever when starting and warming up a cold engine.\n  - When starting a cold engine.\n  - Warming up (CS340E/ET410TR/VK540E)\n  - When the engine is warm.\n\n**Important Caution**: Release the switch immediately after the engine starts. If the engine fails to start, release the switch, wait a few seconds, then try again. Each attempt should be as short as possible to preserve the battery. Do not crank the engine more than 10 seconds on any one attempt.\n\nFor **Emergency Engine Starting (BR250T/ET410TR)** if the recoil starter system should fail:\n1. Take the emergency starter rope out of the toolkit box.\n2. Proceed with item 1 for the ""STARTING THE ENGINE"" and item 2 for the ""Manual Starting Model"".\n3. Tighten the emergency starter rope on the screwdriver handle.\n4. Mesh the rope stopper with the primary sheave edge.\n5. Wind the rope 3 counterclockwise turns on the primary sheave.\n6. Grasp the screwdriver handle and pull briskly.\n\n<PIC> <PIC> <PIC> <PIC> <PIC> <PIC>\n\nI hope this helpful information resolves your query! If you have any further questions or need additional assistance, please feel free to reach out to us at any time. Wishing you a wonderful day!, [""Manual34_118"", ""Manual34_119"", ""Manual34_120"", ""Manual34_121"", ""Manual34_122"", ""Manual34_123""]"
348,"Hello! I would be very happy to help you with your question regarding boarding your jetski with a passenger in deep water.\n\nBased on the retrieved knowledge base content, I found the following important information and guidance for you:\n\nFirst, please note the safety and capacity limitations:\n> **Limitations on who may operate the watercraft**  \n> jetski recommends a minimum operator age of 16 years old.  \n> Adults must supervise use by minors. Know the operator age and training requirements for your state. A boating safety course is recommended and may be required in your state. You can find local rules by contacting the United States Coast Guard (USCG), the National Association of State Boating Law Administrators, or your local Power Squadron.  \n> <PIC>  \n> This watercraft is designed to carry the operator and one passenger. Never exceed the maximum load limit or allow more than 2 persons to ride the watercraft at one time. Maximum load: 160 kg (353 lb). Load is the total weight of cargo, operator and passenger.  \n> **Do not operate the watercraft with a passenger on board until you have considerable practice and experience riding alone. Operating the watercraft with a passenger requires more skill. Take the time to become accustomed to the handling characteristics of the watercraft before trying any difficult maneuvers.**\n\nAdditionally, the manual provides a specific section titled **""Boarding with a passenger""** (EJU01077), which indicates that there are dedicated steps for this procedure. However, the retrieved content does not include the detailed step-by-step instructions for that section.\n\nFor deep water boarding, the manual also gives this crucial safety advice:\n> **WARNING**  \n> @ Scan constantly for people, objects, and other watercraft. Be alert for conditions that limit your visibility or block your vision of others.  \n> <PIC>  \n> Operate defensively at safe speeds and keep a safe distance away from people, objects, and other watercraft. Do not follow directly behind watercraft or other boats. Do not go near others to spray or splash them with water. Avoid sharp turns or other maneuvers that make it hard for others to avoid you or understand where you are going. Avoid areas with submerged objects or shallow water. Take early action to avoid collisions. Remember watercraft and other boats do not have brakes. Do not release the throttle when trying to steer away from objects—you need throttle to steer.  \n> **Practice reboarding in shallow water before riding in deep water.**\n\nSo, the key takeaway from the manual is: **Practice reboarding in shallow water first** before attempting it in deep water. This will help you and your passenger become comfortable with the process safely.\n\nI hope this helpful information resolves your query! If you have any further questions or need additional assistance, please feel free to reach out to us at any time. Wishing you a wonderful day!, [""Manual20_15"", ""Manual20_87""]"
349,"Hello! I would be very happy to help you with your question regarding balancing your jetski at a standstill.\n\nBased on the retrieved knowledge base content, if it is difficult to balance the watercraft at a standstill, please follow these steps:\n\n1. The passenger must steady the watercraft while the operator is boarding. The operator pulls himself up onto the platform into a seating position, then balances the watercraft.  \n   <PIC>\n\n2. Attach the lanyard to your left wrist, then install the clip on the lanyard to the engine shut-off switch. Start the engine and keep it at idle.\n\n3. The passenger pulls himself up on the platform, kneels down, then crawls onto the seat as the watercraft accelerates.  \n   <PIC>\n\n4. The watercraft can now be accelerated to planing speed, then the operator can reduce the throttle to the desired running speed.  \n   <PIC>\n\nI hope this helpful information resolves your query! If you have any further questions or need additional assistance, please feel free to reach out to us at any time. Wishing you a wonderful day!, [""jetski_06"", ""jetski_07"", ""jetski_08""]"
350,"Hello! I would be very happy to help you with your question regarding the maximum load of the jetski.\n\nBased on the retrieved knowledge base content, the maximum load for the jetski is clearly stated as follows:\n\n""This watercraft is designed to carry the operator and one passenger. Never exceed the maximum load limit or allow more than 2 persons to ride the watercraft at one time. Maximum load: 160 kg (353 lb) Load is the total weight of cargo, operator and passenger.""\n\n<PIC>\n\nI hope this helpful information resolves your query! If you have any further questions or need additional assistance, please feel free to reach out to us at any time. Wishing you a wonderful day!, [""Manual20_15""]"
351,"Hello! I would be very happy to help you with your question regarding the overview of the base station of a landline.\n\nBased on the retrieved knowledge base content, I found the following information for you:\n\n[Document-18] (Source: <汇总英文手册_18>)\nContent: # Overview of the base station\n\nI hope this helpful information resolves your query! If you have any further questions or need additional assistance, please feel free to reach out to us at any time. Wishing you a wonderful day! Please refer to the following related illustrations: <PIC>, [""Manual09_19"", ""Manual09_18"", ""Boat_02""]"
352,"Hello! I would be very happy to help you with your question regarding connecting the base station of a landline.\n\nBased on the retrieved knowledge base content, here are the steps to connect the base station:\n\nFirst, please note the following important information:\n- If you subscribe to the digital subscriber line (DSL) high-speed internet service through your telephone line, ensure you install a DSL filter between the telephone line cord and the power socket. The filter prevents noise and caller ID problems caused by the DSL interference. For more information on the DSL filters, contact your DSL service provider.\n- The type plate is located on the bottom of the base station.\n\nThen, please follow these connection steps:\n\n1. **Connect the power adapter**: Connect each end of the power adapter to:\n   - The DC input jack at the bottom of the base station;\n   - The power socket on the wall.\n\n   <PIC>\n\n2. **Connect the telephone line cord**: Connect each end of the line cord to:\n   - The telephone socket at the bottom of the base station;\n   - The telephone socket on the wall.\n\nI hope this helpful information resolves your query! If you have any further questions or need additional assistance, please feel free to reach out to us at any time. Wishing you a wonderful day!, [""Manual22_22""]"
353,"Hello! I would be very happy to help you with your question regarding the installation of the handset for your landline phone.\n\nBased on the retrieved knowledge base content, here are the steps to install the handset:\n\nFirst, please note that the batteries are pre-installed in the handset. You simply need to pull the battery tape off from the battery door before charging.\n\n<PIC>\n\nThen, to charge the handset, place it on the base station. When the handset is placed correctly on the base station, you will hear a docking sound, and the handset will start charging.\n\n<PIC>\n\nPlease charge the batteries for 8 hours before first use. It is normal for the handset to become warm while charging.\n\nI hope this helpful information resolves your query! If you have any further questions or need additional assistance, please feel free to reach out to us at any time. Wishing you a wonderful day!, [""Manual22_23"", ""Manual22_27""]"
354,"Hello! I would be very happy to help you with your question regarding checking the battery level of a landline phone.\n\nBased on the retrieved knowledge base content, here is the information for checking the battery level on your landline phone:\n\n""Check the battery level  \nThe battery icon displays the current battery  \n\n<PIC>  \nThe handset turns off if the batteries are empty.  \nIf you are on the phone, you hear warning  \ntones when the batteries are almost empty. The  \ncall gets disconnected after the warning.  \n\n<PIC>""\n\nI hope this helpful information resolves your query! If you have any further questions or need additional assistance, please feel free to reach out to us at any time. Wishing you a wonderful day!, [""Manual22_28"", ""Manual22_29""]"
355,"Hello! I would be very happy to help you with your question regarding your landline handset being in searching status.\n\nBased on the retrieved knowledge base content, here is the helpful information I found:\n\nIf your handset is in searching status, you can try the following steps:\n- Make sure that the base station has power supply.\n- Register the handset to the base station.\n- Move the handset closer to the base station.\n\nAdditionally, if the handset loses connection with the base or the sound is distorted during a call, you can check if the ECO+ mode is activated. Turning it off may help increase the handset range and improve call conditions.\n\nI hope this helpful information resolves your query! If you have any further questions or need additional assistance, please feel free to reach out to us at any time. Wishing you a wonderful day! Please refer to the following related illustrations: <PIC>, [""Manual09_19"", ""Manual09_18"", ""Boat_02""]"
356,"Hello! I would be very happy to help you with your question regarding the LED indicator behavior.\n\nBased on the retrieved knowledge base content, I can see that the product manual for the **Active Noise Canceling Truly Wireless Earphones** includes information about **Status LED Indicators** and **Battery Level LED Indicators**. However, the specific details about what each LED indicator behavior means (such as flashing patterns or colors) are not fully described in the provided text.\n\nThe relevant section from the manual states:\n\n> Active Noise Canceling Truly Wireless Earphones  \n>  <PIC>   Multifunction Button  \n>  <PIC>   Right Earbud Left Earbud\n>  <PIC>   Status LED  Indicators  Battery Level  LED Indicators  \n>  <PIC>   Battery Level  Display Button  \n>  <PIC>\n\nUnfortunately, the retrieved content does not include a detailed description of the specific LED indicator behaviors (e.g., what each color or flashing pattern means). For a complete understanding of the LED status meanings, I would recommend referring to the full product manual or contacting the manufacturer directly for more detailed guidance.\n\nI hope this helpful information resolves your query! If you have any further questions or need additional assistance, please feel free to reach out to us at any time. Wishing you a wonderful day!, [""Manual12_0"", ""Manual12_1"", ""Manual12_2"", ""Manual12_3"", ""Manual12_4""]"
357,"Hello! I would be very happy to help you with your question regarding the LED indicator behavior on the base station of a landline.\n\nHowever, after carefully reviewing the provided [Retrieved Knowledge Base Content], I am sorry to inform you that the information available does not contain any details about landline base stations, their LED indicators, or their status meanings. The retrieved documents primarily focus on boat-related components such as engine serial numbers, emission control labels, hull identification numbers, and care/storage instructions.\n\nI hope this helpful information resolves your query! If you have any further questions or need additional assistance, please feel free to reach out to us at any time. Wishing you a wonderful day! Please refer to the following related illustrations: <PIC>, [""Manual09_19"", ""Manual09_18"", ""Boat_02""]"
358,"Hello! I would be very happy to help you with your question regarding lowering the roll bar of your lawn mower.\n\nBased on the retrieved knowledge base content, here are the steps to lower the roll bar:\n\n**Important:** Lower the roll bar only when absolutely necessary.\n\n1. Remove the hairpin cotters and remove the 2 pins (Figure 9).\n2. Lower the roll bar to the down position (Figure 8). Note: There are 2 down positions; refer to Figure 8.\n   <PIC>\n3. Install the 2 pins and secure them with the hairpin cotters (Figure 9).\n\nI hope this helpful information resolves your query! If you have any further questions or need additional assistance, please feel free to reach out to us at any time. Wishing you a wonderful day!, [""Manual23_32""]"
359,"Hello! I would be very happy to help you with your question regarding adjusting the rear-shock assemblies for a lawn mower with a suspension system.\n\nBased on the retrieved knowledge base content, here is the information for adjusting the rear-shock assemblies:\n\nThe suspension system adjusts to provide a smooth and comfortable ride. You can adjust the rear 2-shock assemblies to quickly and easily change the suspension system. Position the suspension system where you are most comfortable. The slots for the rear-shock assemblies have detent positions for reference. You can position the rear-shock assemblies anywhere in the slot, not just in the detent positions. The following graphic shows the position for a soft or firm ride and the different detent positions ( Figure 13 ).  \n<PIC>  \n1. Firmest position 3. Detents in the slots 2. Softest position  \n\n**Note:** Ensure that the left and right rear-shock assemblies are always adjusted to the same positions.\n\nAdjust the rear-shock assemblies ( Figure 14 ).  \n<PIC>  \n1. Seat-suspension knob\n\nI hope this helpful information resolves your query! If you have any further questions or need additional assistance, please feel free to reach out to us at any time. Wishing you a wonderful day!, [""Manual23_37"", ""Manual23_38""]"
360,"Hello! I would be very happy to help you with your question regarding adjusting the height of cut for a lawn mower with an electric deck lift.\n\nBased on the retrieved knowledge base content, here are the steps for adjusting the height of cut for machines with an electric deck lift:\n\n1. Push up on the deck-lift switch ( Figure 31 ).  \n   <PIC>   \n   Figure 31  \n   1. Push up to raise the deck.  \n   2. Push down to lower the deck.  \n\n2. Select a hole in the height-of-cut bracket corresponding to the height of cut desired, and insert the pin ( Figure 32 ).  \n   <PIC>   \n   Figure 32  \n   1. Height-of-cut pin  \n   2. Height-of-cut bracket  \n\nI hope this helpful information resolves your query! If you have any further questions or need additional assistance, please feel free to reach out to us at any time. Wishing you a wonderful day!, [""Manual23_55"", ""Manual23_56""]"
361,"Hello! I would be very happy to help you with your question regarding loading a lawn mower.\n\nBased on the retrieved knowledge base content, here are the important safety instructions for loading a machine onto a trailer or truck:\n\n<PIC>\n\n**WARNING**\nLoading a machine onto a trailer or truck increases the possibility of tip-over and could cause serious injury or death ( Figure 39 ).\n\n- Use only a full-width ramp; do not use individual ramps for each side of the machine.\n- Do not exceed a 15-degree angle between the ramp and the ground or between the ramp and the trailer or truck.\n- Ensure that the length of the ramp is at least 4 times as long as the height of the trailer or truck bed to the ground. This ensures that the ramp angle does not exceed 15 degrees on flat ground.\n\nI hope this helpful information resolves your query! If you have any further questions or need additional assistance, please feel free to reach out to us at any time. Wishing you a wonderful day!, [""Manual23_63""]"
362,"Hello! I would be very happy to help you with your question regarding unloading a lawn mower.\n\nBased on the retrieved knowledge base content, I'm sorry, but the provided documents do not contain specific instructions on how to unload a lawn mower. The information available covers topics such as filling the fuel tank, keeping the underside of the mower deck clean, adjusting the mower deck leveling, using the transport lock, operating the blade-control switch, and cutting a lawn for the first time, but there is no mention of unloading procedures.\n\nI hope this information is helpful! If you have any further questions or need assistance with another topic, please feel free to reach out. Wishing you a wonderful day! Please refer to the following related illustrations: <PIC>, [""Manual09_19"", ""Manual09_18"", ""Boat_02""]"
363,"Hello! I'd be happy to help you. I sincerely apologize for any inconvenience, but we couldn't find any information regarding 'How can you change the engine oil o...' in our product documentation. Please contact our live customer service team, and we will do our best to assist you!"
364,"Hello! I'd be happy to help you. I sincerely apologize for any inconvenience, but we couldn't find any information regarding 'How can you remove the filters of a...' in our product documentation. Please contact our live customer service team, and we will do our best to assist you!"
365,"Hello! I would be very happy to help you with your question regarding replacing the mower belt on your lawn mower. Here are the detailed steps based on the information from the manual:\n\n**Replacing the Mower Belt**\n\n1. Park the machine on a level surface, disengage the blade-control switch (PTO), and engage the parking brake.\n2. Shut off the engine, remove the key, and wait for all moving parts to stop before leaving the operating position.\n3. Lower the mower to the 76 mm (3 inches) height of cut.\n4. Remove the belt covers (Figure 73).  \n   <PIC>  \n   Figure 73\n5. Use a 3/8-inch ratchet in the square hole in the idler arm to remove tension on the idler spring (Figure 74).\n6. Remove the belt from the mower-deck pulleys and the clutch pulley.\n7. Remove the belt guide on the spring-loaded idler arm (Figure 74).\n8. Remove the existing belt.\n9. Install the new belt around the mower pulleys and the clutch pulley under the engine (Figure 74).  \n   <PIC>  \n   Figure 74  \n   1. Spring  \n   2. Clutch pulley  \n   3. Mower belt  \n   4. Spring-loaded idler assembly  \n   5. Ratchet  \n   6. Square hole in the idler arm for the ratchet\n10. Install the belt guide on the idler arm (Figure 74).\n11. Using the 3/8-inch ratchet in the square hole, install the idler spring (Figure 74).  \n    **Note:** Ensure that the spring ends are seated in the anchor grooves.\n12. Install the belt covers (Figure 75).  \n    <PIC>  \n    Figure 75\n\nI hope this helpful information resolves your query! If you have any further questions or need additional assistance, please feel free to reach out to us at any time. Wishing you a wonderful day!, [""Manual23_99"", ""Manual23_100"", ""Manual23_101""]"
366,"Hello! I would be very happy to help you with your question regarding setting up the control of your over-the-range microwave.\n\nBased on the retrieved knowledge base content, the control panel features for your over-the-range microwave (Models: HMV9302, HMV9305, HMV9306, HMV9307) are quite comprehensive. To set up and use the controls, you can refer to the following key functions from the manual:\n\n**UNDERSTANDING YOUR MICROWAVE OVEN**\n**CONTROL PANEL FEATURES**\n*NOTE: Styling and features vary by model*\n\n1. **Display:** The Display includes a clock and indicators to tell you time of day, cooking time settings and cooking functions selected.\n2. **Popcorn:** Touch this pad when popping popcorn in your microwave oven. The oven's sensor will tell the oven how long to cook depending on the amount of humidity it detects from the popcorn. See page 15 for more information.\n3. **Potato:** Touch this pad to cook potatoes. The oven's sensor will tell the oven how long to cook depending on the amount of humidity it detects from the potato. See page 16 for more information.\n4. **Pizza:** Touch this pad to reheat pizza. The oven's sensor will tell the oven how long to cook depending on the amount of humidity it detects from the pizza. See page 16 for more information\n5. **Cook:** Touch this pad to cook frozen entrees, casserole and rice. The oven's sensor will tell the oven how long to cook depending on the amount of humidity coming from the food. See page 17 for more information.\n6. **Reheat:** Touch this pad to reheat casseroles, dinner plates and soup or sauce. The oven's sensor will tell the oven how long to cook depending on the amount of humidity coming from the food. See page 17 for more information.\n7. **Vegetable:** Touch this pad to cook vegetables. The oven's sensor will tell the oven how long to cook depending on the amount of humidity it detects from the vegetables. See page 16 for more information.\n8. **Favorite Recipe:** Touch this pad to recall one cooking instruction previously programmed into memory. See page 12 for information.\n9. **Easy Cook:** Touch this pad to set and start quickly at 100% power level. See page 12 for more information.\n10. **Auto Defrost:** Meat, poultry, fish. Touch this pad to select food type and defrost food by weight. See page 18 for more information.\n11. **Time Defrost:** Touch this pad to defrost most other frozen foods. See page 21 for more information.\n12. **Quick Defrost:** This pad provides Quick defrosting for 1.0 pound of frozen foods. See page 21 for more information.\n13. **Numbers:** Touch number pads to enter cooking time, power level, quantities, or weights.\n14. **Kitchen Timer:** Touch this pad to set the kitchen timer. See page 10 for more information.\n15. **Clock:** Touch this pad to enter the time of day. See page 10 for more information.\n16. **Light Timer:** Touch this pad to set the light timer. See page 11 for more information.\n17. **- (Less):** Touch this pad to subtract ten seconds of cooking time each time you press it. See page 12 for more information.\n18. **+ (More):** Touch this pad to add ten seconds of cooking time each time you press it. See page 12 for more information.\n19. **Help:** Touch this pad to learn how to use each oven function. See page 10 for more information.\n20. **Stop/Clear:** Touch this pad to stop the oven or to clear all entries.\n21. **Start:** Touch this pad to start a function. If you open the door after oven begins to cook, touch START again.\n22. **Power Level:** Touch this pad to select a cooking power level. See page 13 for more information.\n23. **Program:** Touch this pad to set a cooking time. See page 13 for more information.\n24. **Hold Warm:** Touch this pad to keep hot, cooked foods warm in your microwave oven for up to 99 minutes and 59 seconds. See page 12 for more information.\n25. **Control Set-Up:** Touch this pad to change the oven's default settings for sound, clock, display speed and defrost weight from Lbs to Kg. See page 10 for more information.\n26. **T/Table On/Off:** Touch this pad to turn off the turntable. OFF will appear in the display. See page 11 for more information. *NOTE: This option not available in sensor cook and defrost modes*\n27. **Vent HI/LO/Off:** Touch this pad to turn the fan on or off. See page 11 for more information.\n28. **Light HI/LO/Off:** Touch this pad to turn on the cooktop/counter top light. See page 11 for more information.\n\nAdditionally, for setting the clock and kitchen timer, the manual provides these specific instructions:\n\n**CLOCK**\nThis oven includes a 12-hour clock.\nExample: To set 8:00AM\n<PIC>\n\n**KITCHEN TIMER**\nYou can use your microwave oven as a timer. Use the Timer for timing up to 99 minutes and 59 seconds.\nExample: To time 3 minutes\n<PIC>\n· When the time is over, you will hear seven beeps and END will display.\n\nI hope this helpful information resolves your query! If you have any further questions or need additional assistance, please feel free to reach out to us at any time. Wishing you a wonderful day!, [""Manual24_7"", ""Manual24_8""]"
367,"Hello! I would be very happy to help you with your question regarding setting the light timer on your over-the-range microwave.\n\nBased on the retrieved knowledge base content, here are the steps to set the Light Timer:\n\nYou can set the Lo Light to turn on and off automatically at any time. The light will come on at the low setting the same time every day and turn off at a set time until reset.\n\n**Example: Turn on 2:00 AM, turn off 7:00 AM.**\n<PIC>\n\n**NOTE:** To reset the time to turn on and off the Light, repeat steps 1 to 5.\n\n**Example: To cancel the Light Timer**\n<PIC>\n\n**NOTE:** If you want to cancel the Light Timer in operation, touch the Light HI/LO/Off pad.\n\nI hope this helpful information resolves your query! If you have any further questions or need additional assistance, please feel free to reach out to us at any time. Wishing you a wonderful day!, [""Manual24_11"", ""Manual24_12""]"
368,"Hello! I would be very happy to help you with your question regarding setting your favorite recipe on your Over-the-Range Microwave.\n\nBased on the information for models HMV9302, HMV9305, HMV9306, and HMV9307, the **Favorite Recipe** feature allows you to recall one cooking instruction previously placed in memory and begin cooking quickly.\n\nHere are the steps to program and recall your favorite recipe:\n\n**To program a cooking instruction (for example, cooking for 2 minutes):**\n<PIC>\n\n**To recall the custom recipe:**\n<PIC>\n\n- When the cook time is over, you will hear four beeps and ""END"" will display.\n- **Note:** Power level will default to Hi, but this setting is modifiable.\n\nI hope this helpful information resolves your query! If you have any further questions or need additional assistance, please feel free to reach out to us at any time. Wishing you a wonderful day!, [""Manual24_16"", ""Manual24_17""]"
369,"Hello! I would be very happy to help you with your question regarding reheating food with your over-the-range microwave.\n\nBased on the retrieved knowledge base content, your microwave features a **REHEAT (SENSOR)** function that allows you to heat foods without needing to program times and power levels. Here are the details:\n\n**REHEAT (SENSOR)**  \nReheat lets you heat foods without needing to program times and Power Levels. Reheat has preset Power Levels for 3 categories: Casserole, Dinner Plate and Soup/Sauce.\n\n<PIC>\n\n**Example: To reheat Casserole**  \n<PIC>\n\n- When the cook time is over, you will hear four beeps and END will display.\n- Recommended amounts:  \n<PIC>\n\nAdditionally, if you are reheating pizza, your microwave also has a **PIZZA (SENSOR)** function:\n\n**PIZZA (SENSOR)**  \nPIZZA lets you reheat one or several slices of pizza without selecting cooking times and power level.\n\n**Example: To reheat 2 slices of pizza**  \n<PIC>\n\nI hope this helpful information resolves your query! If you have any further questions or need additional assistance, please feel free to reach out to us at any time. Wishing you a wonderful day!, [""Manual24_29"", ""Manual24_30"", ""Manual24_31"", ""Manual24_24""]"
370,"Hello! I would be very happy to help you with your question regarding the Auto Defrost feature of your over-the-range microwave.\n\nBased on the retrieved knowledge base content, here is how you can use the Auto Defrost function:\n\nYour microwave oven is preset with three defrost sequences, and using Auto Defrost is the best way to defrost frozen foods. The Auto Defrost Chart provides basic guidelines for using these sequences.\n\nHere is a step-by-step example to defrost 1.2 lbs. of ground beef:\n\n<PIC>\n\n<PIC>\n\n**Important Note:** When you touch the START pad, the display changes to defrost time countdown. The oven will beep during the DEFROST cycle. At this time, open the door and turn, separate, or rearrange the food. Remove any portions that have thawed. Return frozen portions to the oven and touch START to resume the defrost cycle.\n\nAdditionally, here are some helpful **Defrosting Tips** to ensure the best results:\n- When using Auto Defrost, the weight to be entered is the net weight in pounds and tenths of pounds (the weight of the food minus the container).\n- Use Auto Defrost only for raw food. Auto Defrost gives best results when food to be thawed is a minimum of 0°F (taken directly from a freezer).\n- If food has been stored in a refrigerator-freezer that does not maintain a temperature of 5°F or below, always program a lower food weight (for a shorter defrosting time) to prevent cooking the food.\n- If the food is stored outside the freezer for up to 20 minutes, enter a lower food weight.\n- The shape of the package alters the defrosting time. Shallow rectangular packets defrost more quickly than a deep block.\n- Separate pieces as they begin to defrost. Separated pieces defrost more easily.\n- For better results, a preset standing time is included in the defrosting time.\n- For best results, elevate food to be defrosted on a microwave safe roasting rack. This prevents the possibility of warm meat juices cooking food during defrost.\n\nI hope this helpful information resolves your query! If you have any further questions or need additional assistance, please feel free to reach out to us at any time. Wishing you a wonderful day!, [""Manual24_32"", ""Manual24_33""]"
371,"Hello! I would be very happy to help you with your question regarding cleaning the grease filter of your over-the-range microwave.\n\nBased on the information provided, here are the steps to clean the grease filter:\n\nThe grease filter should be removed and cleaned often, at least once a month.\n\n1. To remove the grease filter, slide the filter to the side. Pull the filter downward and push to the other side. The filter will drop out.  \n   <PIC>\n\n2. Wash in a dishwasher or soak the grease filter in hot water and a mild detergent. Rinse well and shake to dry. Do not use ammonia or place in a dishwasher. The aluminum filter will darken.  \n   <PIC>\n\n3. To reinstall the filter, slide it into the side slot, then push up and toward the oven center to lock.  \n   <PIC>\n\nI hope this helpful information resolves your query! If you have any further questions or need additional assistance, please feel free to reach out to us at any time. Wishing you a wonderful day!, [""Manual24_47"", ""Manual24_48"", ""Manual24_49""]"
372,"Hello! I would be very happy to help you with your question regarding replacing the charcoal filter of your over-the-range microwave.\n\nBased on the retrieved knowledge base content, here are the exact steps for replacing the charcoal filter:\n\n**CHARCOAL FILTER REPLACEMENT**\n\nIf your oven is vented inside, the charcoal filter should be replaced every 6 to 12 months, and more often if necessary. The charcoal filter cannot be cleaned.\n\n1. Unplug the oven or turn off power at the main power supply.\n2. Remove the two vent grill mounting screws. (2 middle screws)\n   <PIC>\n3. Tip the grill forward, then lift it out.\n4. Remove old filter.\n   <PIC>\n5. Slide a new charcoal filter into place. The filter should rest at the angle shown.\n   <PIC>\n6. Slide the bottom of the grill into place. Push the top until it snaps into place. Replace the mounting screws. Turn the power back on at the main power supply and set the clock.\n\n**CAUTION**: To avoid risk of personal injury or property damage, do not operate oven hood without filter in place.\n\nI hope this helpful information resolves your query! If you have any further questions or need additional assistance, please feel free to reach out to us at any time. Wishing you a wonderful day!, [""Manual24_50"", ""Manual24_51"", ""Manual24_52""]"
373,"Hello! I would be very happy to help you with your question regarding replacing the oven light in your over-the-range microwave. Based on the retrieved knowledge base content, here are the detailed steps for replacing the oven light:\n\n1. Unplug oven or turn off power at the main power supply.\n2. Remove the vent cover mounting screws. (2 middle screws)\n3. Tip the cover forward, then lift out to remove.  \n   <PIC>\n4. Remove bulb holder.  \n   <PIC>\n5. Lift up the bulb holder.  \n   <PIC>\n6. Replace bulb with a 30 or 40 watt appliance bulb.\n7. Replace the bulb holder.\n8. Slide the bottom of the vent cover into place. Push the top until it snaps into place. Replace the mounting screws. Turn the power back on at the main power supply or plug in the oven.\n\nI hope this helpful information resolves your query! If you have any further questions or need additional assistance, please feel free to reach out to us at any time. Wishing you a wonderful day!, [""Manual24_54"", ""Manual24_55"", ""Manual24_56""]"
374,"Hello! I would be very happy to help you with your question regarding the PCI Express 3.0 x16 slots on your motherboard.\n\nBased on the retrieved knowledge base content, here is the information available:\n\nThis motherboard has three PCI Express 3.0 x16 slots that support PCI Express 3.0 x16 graphic cards complying with the PCI Express specifications.  \n<PIC>\n\nTo set them up, please note the following recommendations:\n- In single VGA card mode, use the PCIe 3.0 x16_1 slot (gray) for a PCI Express x16 graphics card to get better performance.\n- We recommend that you provide sufficient power when running some modes. See page 1-22 for details.\n- Connect a chassis fan to the motherboard connector labeled CHA_FAN1/2/3 when using multiple graphics cards for better thermal environment.\n\nI hope this helpful information resolves your query! If you have any further questions or need additional assistance, please feel free to reach out to us at any time. Wishing you a wonderful day!, [""Manual25_31""]"
375,"Hello! I would be very happy to help you with your question regarding setting the jumpers of a motherboard.\n\nBased on the retrieved knowledge base content, I found the following relevant information:\n\nFrom the motherboard manual, it is mentioned that the motherboard includes descriptions of the switches, jumpers, and connectors. Specifically, the guide contains the following parts:\n- **Chapter 1: Product introduction** – This chapter describes the features of the motherboard and the new technology it supports. It includes descriptions of the switches, jumpers, and connectors on the motherboard.\n\nAdditionally, there is a specific instruction regarding fan connectors (which are not jumpers):\n- **Fan connectors** – ""Do not forget to connect the fan cables to the fan connectors. Insufficient air flow inside the system may damage the motherboard components. These are not jumpers! Do not place jumper caps on the fan connectors!""\n\n<PIC>\n\nI hope this helpful information resolves your query! If you have any further questions or need additional assistance, please feel free to reach out to us at any time. Wishing you a wonderful day!, [""Manual25_41""]"
376,"Hello! I'd be happy to help you. I sincerely apologize for any inconvenience, but we couldn't find any information regarding 'How can you set the rear panel conn...' in our product documentation. Please contact our live customer service team, and we will do our best to assist you!"
377,"Hello! I would be very happy to help you with your question regarding setting the onboard LED of a motherboard.\n\nBased on the retrieved knowledge base content, the motherboard comes with a standby power LED that lights up to indicate that the system is ON, in sleep mode, or in soft-off mode. This is a reminder that you should shut down the system and unplug the power cable before removing or plugging in any motherboard component.\n\n<PIC>\n\nAdditionally, the SupremeFX LED lights up in three ways to bring you an ultimate lighting effect. You can turn off the SupremeFX LED or change the lit modes from the BIOS or the LED Control app in Ai Suite 3. To change the setting in BIOS, go to **Advanced > Onboard Devices Configuration > SupremeFX LED Lighting** item.\n\n<PIC> <PIC>\n\nI hope this helpful information resolves your query! If you have any further questions or need additional assistance, please feel free to reach out to us at any time. Wishing you a wonderful day!, [""Manual25_54"", ""Manual25_57"", ""Manual25_58""]"
378,"Hello! I would be very happy to help you with your question regarding updating the BIOS file of a motherboard.\n\nBased on the retrieved knowledge base content, here are the steps and important information for updating the BIOS:\n\n**Before updating BIOS, please prepare the following:**\n- Prepare the motherboard support DVD and a USB flash drive.\n- Download the latest BIOS file and BIOS Updater and save them in your USB flash drive. NTFS is not supported under FreeDOS environment. Ensure that your USB flash drive is in single partition and in FAT32/16 format.\n- Turn off the computer.\n- Ensure that your computer has a DVD optical drive.\n\n**To update the BIOS using EZ Flash 3:**\n1. Enter the **Advanced Mode** of the BIOS setup program. Go to the **Tool** menu to select **EZ Flash 3 Utility** and press <Enter> to enable it.\n2. Follow the steps below to update the BIOS via USB or Internet.\n\nAdditionally, you can use the **EZ Update** utility, which allows you to automatically update your motherboard’s software, drivers, and the BIOS version easily. With this utility, you can also manually update the saved BIOS and select a boot logo when the system goes into POST. To launch EZ Update, click **EZ Update** on the AI Suite 3 main menu bar. Please note that EZ Update requires an Internet connection either through a network or an ISP (Internet Service Provider).\n\n<PIC>\n\nI hope this helpful information resolves your query! If you have any further questions or need additional assistance, please feel free to reach out to us at any time. Wishing you a wonderful day!, [""Manual25_60""]"
379,"Hello! I would be very happy to help you with your question regarding creating RAID on a motherboard.\n\nBased on the retrieved knowledge base content, here are the steps to create RAID:\n\n1. Press <F11> on your keyboard or click from the BIOS screen to open the EZ Tuning Wizard screen.\n2. Click **RAID** then click **Yes** to enable RAID.\n   - Ensure that your HDDs have no existing RAID volumes.\n   - Ensure to connect your HDDs to Intel SATA connectors.\n3. The available HDDs display. Click **Next** to continue. <PIC>\n4. Select the type of storage for your RAID: **Easy Backup** or **Super Speed**, then click **Next**. <PIC>\n   - For Easy Backup, select from **Easy Backup (RAID1)** or **Easy Backup (RAID10)** then click **Next**. <PIC>\n     - You can only select Easy Backup (RAID 10) if you connect four (4) HDDs.\n   - For Super Speed, select from **Super Speed (RAID0)** or **Super Speed (RAID5)** then click **Next**. <PIC>\n5. After selecting the type of RAID, click **Yes** to continue the RAID setup.\n6. After the RAID setup is done, click **Yes** to exit the setup then click **OK** to reset your system.\n\nAdditionally, please note that the Intel SATA 6.0Gb/s connectors are set to [AHCI] by default. If you intend to create a Serial ATA RAID set using these connectors, you must set the SATA Mode item in the BIOS to [RAID]. <PIC> <PIC>\n\nI hope this helpful information resolves your query! If you have any further questions or need additional assistance, please feel free to reach out to us at any time. Wishing you a wonderful day!, [""Manual25_72"", ""Manual25_73"", ""Manual25_74"", ""Manual25_75"", ""Manual25_48"", ""Manual25_49""]"
380,"Hello! I would be very happy to help you with your question regarding how to use SATA ODD & USB devices to install an operating system for a motherboard.\n\nBased on the retrieved knowledge base content, here is the method for using SATA ODD & USB devices:\n\n**Method 1: Using SATA ODD & USB devices**\nLoad USB 3.0 drivers using the support DVD and install OS 7 using a USB device.\n\nI hope this helpful information resolves your query! If you have any further questions or need additional assistance, please feel free to reach out to us at any time. Wishing you a wonderful day! Please refer to the following related illustrations: <PIC>, [""Manual09_15"", ""Manual09_14"", ""Manual09_13""]"
381,"Hello! I would be very happy to help you with your question regarding securing the motherboard to the chassis.\n\nBased on the retrieved knowledge base content, here are the precise steps to secure the motherboard:\n\n**1.2.2 Screw holes**\nPlace nine screws into the holes indicated by circles to secure the motherboard to the chassis. Do not over tighten the screws! Doing so can damage the motherboard.\n\n<PIC>\nPlace this side towards the rear of the chassis\n\nI hope this helpful information resolves your query! If you have any further questions or need additional assistance, please feel free to reach out to us at any time. Wishing you a wonderful day!, [""Manual25_6""]"
382,"Hello! I would be very happy to help you with your question regarding the preparation for installing a Central Processing Unit (CPU) on a motherboard.\n\nBased on the retrieved knowledge base content, here are the important steps and precautions you need to follow for the installation preparation:\n\nFirst, please ensure you have the correct motherboard and CPU. The document states:\n> ""This motherboard comes with a surface mount LGA1151 socket designed for 6th Generation processors. <PIC>""\n\nHere are the critical preparation steps you must take:\n\n1.  **Power Safety**: ""Unplug all power cables before installing the CPU.""\n2.  **CPU Compatibility**: ""Ensure that you install the correct CPU designed for the LGA1151 socket only. DO NOT install a CPU designed for LGA1150, LGA1155 and LGA1156 sockets on the LGA1151 socket.""\n3.  **Inspect the Socket**: ""Upon purchase of the motherboard, ensure that the PnP cap is on the socket and the socket contacts are not bent. Contact your retailer immediately if the PnP cap is missing, or if you see any damage to the PnP cap/socket contacts/motherboard components.""\n4.  **Keep the Cap**: ""Keep the cap after installing the motherboard. It will process Return Merchandise Authorization (RMA) requests only if the motherboard comes with the cap on the LGA1151 socket.""\n5.  **Warranty Warning**: ""The product warranty does not cover damage to the socket contacts resulting from incorrect CPU installation/removal, or mis placement/loss/incorrect removal of the PnP cap.""\n\nI hope this helpful information resolves your query! If you have any further questions or need additional assistance, please feel free to reach out to us at any time. Wishing you a wonderful day!\n\n<PIC>, [""Manual25_9"", ""Manual25_9""]"
383,"Hello! I would be very happy to help you with your question regarding the system memory of a motherboard.\n\nBased on the retrieved knowledge base content, here is the information about system memory configuration:\n\n<PIC>\n\n- You may install varying memory sizes in Channel A and Channel B. The system maps the total size of the lower-sized channel for the dual-channel configuration. Any excess memory from the higher-sized channel is then mapped for single-channel operation.\n- DIMM voltage below 1.65V is recommended to protect the CPU.\n- Due to the memory address limitation on 32-bit, when you install 4GB or more memory on the motherboard, the actual usable memory for the OS can be about 3GB or less. For effective use of memory, we recommend that you do any of the following:\n  - Use a maximum of 3 GB system memory if you are using a 32-bit.\n  - Install a 64-bit if you want to install 4GB or more on the motherboard.\n- The default memory operation frequency is dependent on its Serial Presence Detect (SPD), which is the standard way of accessing information from a memory module. Under the default state, some memory modules for overclocking may operate at a lower frequency than the vendor-marked value. To operate at the vendor-marked or at a higher frequency, refer to section 2.5 Ai Tweaker menu for manual memory frequency adjustment.\n- Always install the DIMMS with the same CAS Latency. For an optimum compatibility, we recommend that you install memory modules of the same version or data code (D/C) from the same vendor. Check with the vendor to get the correct memory modules.\n- We highly recommend to use 4-DIMM/2-DIMM kit for full DIMM configuration. Full DIMM support is subject to the physical characteristics of individual CPUs or Memory.\n- For system stability, use a more efficient memory cooling system to support a full memory load (4 DIMMs) or overclocking condition.\n\nI hope this helpful information resolves your query! If you have any further questions or need additional assistance, please feel free to reach out to us at any time. Wishing you a wonderful day!, [""Manual25_19""]"
384,"Hello! Concerning your question about 'How do you know about Serial port c...', I have carefully checked our official manuals, but there doesn't seem to be any detail about this in our knowledge base. Please feel free to connect with our online customer support team. We are always here to help! Please refer to the following related illustrations: <PIC>, [""Boat_02"", ""Manual09_17"", ""Manual09_16""]"
385,"Hello! I would be very happy to help you with your question regarding the TPM connector (14-1 pin TPM) for a motherboard.\n\nBased on the retrieved knowledge base content, here is the information available:\n\n# 2.	 TPM connector (14-1 pin TPM)  \nThis connector supports a Trusted Platform Module (TPM) system, which securely stores keys, digital certificates, passwords and data. A TPM system also helps enhance the network security, protects digital identities, and ensures platform integrity.  \n<PIC>  \nTPM connector\n\nI hope this helpful information resolves your query! If you have any further questions or need additional assistance, please feel free to reach out to us at any time. Wishing you a wonderful day!, [""Manual25_40""]"
386,"Hello! I would be very happy to help you with your question regarding the Thermal sensor connector (2-pin T_SENSOR) of a motherboard.\n\nBased on the retrieved knowledge base content, here is the information available:\n\nThis connector is for the thermistor cable that allows you to monitor the temperature of your motherboard’s critical components and connected devices.  \n<PIC>\n\nI hope this helpful information resolves your query! If you have any further questions or need additional assistance, please feel free to reach out to us at any time. Wishing you a wonderful day!, [""Manual25_43""]"
387,"Hello! I would be very happy to help you with your question regarding setting the quick release for your multi-use pressure cooker and air fryer.\n\nBased on the retrieved knowledge base content, here is the information you need:\n\nTo perform a quick release, please follow these steps:\n\n1. Press the quick release button down until it clicks and locks into the Vent position.  \n   <PIC>\n\n2. When pressed down, a jet of steam ejects through the top of the steam release valve. This is normal!\n\n3. When pressure has been fully released, the float valve drops into the lid.  \n   <PIC>\n\n**Important Safety Note:** Pressurized steam releases through the top of the steam release valve. Please keep exposed skin away from the steam release valve to avoid injury. Also, do not attempt to open the lid while the float valve is up, and never force the lid open, as contents are under extreme pressure.\n\nI hope this helpful information resolves your query! If you have any further questions or need additional assistance, please feel free to reach out to us at any time. Wishing you a wonderful day!, [""multi-use_pressure_cooker_and_air_fryer_01"", ""multi-use_pressure_cooker_and_air_fryer_02""]"
388,"Hello! I would be very happy to help you with your question regarding setting the pressure cooking lid for your multi-use pressure cooker and air fryer.\n\nBased on the retrieved knowledge base content, here are the steps to set and use the pressure cooking lid:\n\n1. **Place and close the pressure cooking lid** as described in the manual:  \n   *""Place and close the pressure cooking lid as described in Pressure control features: Pressure cooking lid.""*  \n   <PIC>\n\n2. **Select the Pressure Cook program** on the display.\n\n3. **Adjust the cooking time** using the `- / +` Time buttons. For example, you can set it to 5 minutes (00:05).\n\n4. **Press Keep Warm to turn the automatic Keep Warm setting off** (if desired).\n\n5. **Press Start**. The display will show ""On"" while the cooker begins the pre-heating, cooking, and de-pressurization stages.  \n   <PIC> <PIC> <PIC>\n\n6. **When the Smart Program finishes**, the display will show ""End"". Follow the instructions for a Quick Release or Natural Release as described in the ""Venting methods"" section.  \n   <PIC>\n\n**Important safety note:**  \n*""When pressure cooking, do not open the appliance until it has de-pressurized, and all internal pressure has been released. If the float valve is still up and/or the lid is difficult to open, this indicates that the appliance is still pressurized—do not force it open.""*\n\nI hope this helpful information resolves your query! If you have any further questions or need additional assistance, please feel free to reach out to us at any time. Wishing you a wonderful day!, [""multi-use_pressure_cooker_and_air_fryer_03"", ""Manual30_6"", ""Manual30_7"", ""Manual30_8"", ""Manual30_9""]"
389,"Hello! I would be very happy to help you with your question regarding the float valve for your multi-use pressure cooker and air fryer.\n\nBased on the retrieved knowledge base content, the float valve is an important safety component that indicates whether the appliance is still pressurized. Here is the relevant information:\n\nWhen pressure cooking, do not open the appliance until it has depressurized, and all internal pressure has been released. If the float valve is still up and/or the lid is difficult to open, this indicates that the appliance is still pressurized—do not force it open. Any pressure in the appliance can be hazardous. Refer to Releasing pressure: Venting methods for information on releasing pressure. Opening the appliance while it is still pressurized may lead to sudden release of hot contents and may cause burns or other injuries.\n\nAdditionally, when using the Quick Release (QR or QPR) method to release pressure:\n- Press the quick release button down until it clicks and locks into the Vent position.\n- When pressure has been fully released, the float valve drops into the lid.\n\n<PIC>\n\nI hope this helpful information resolves your query! If you have any further questions or need additional assistance, please feel free to reach out to us at any time. Wishing you a wonderful day!, [""multi-use_pressure_cooker_and_air_fryer_02""]"
390,"Hello! I would be very happy to help you with your question regarding the anti-block shield for your multi-use pressure cooker and air fryer.\n\nBased on the retrieved knowledge base content, I'm sorry to inform you that the provided documents do not contain any specific information about an ""anti-block shield"" for a multi-use pressure cooker and air fryer. The documents available cover general safety instructions, pressure release methods, and electrical precautions, but none of them mention an anti-block shield component or its function.\n\nI hope this information is helpful! If you have any further questions or need assistance with another topic, please feel free to reach out to us at any time. Wishing you a wonderful day! Please refer to the following related illustrations: <PIC>, [""Manual09_19"", ""Manual09_16"", ""Manual09_17""]"
391,"Hello! I would be very happy to help you with your question regarding setting the steam release valve for your multi-use pressure cooker and air fryer.\n\nBased on the retrieved knowledge base content, here is the information for removing and installing the steam release valve:\n\n""Remove the steam release valve  \nPull the steam release valve up and off the steam release pipe.  \n\nThe steam release valve must be installed before using the cooker.  \n\n<PIC>""\n\nAdditionally, for releasing pressure after cooking, please note:\n\n""Releasing pressure  \nYou must release pressure after pressure cooking before attempting to open the lid. Follow your recipe's instructions to choose a venting method.""\n\nI hope this helpful information resolves your query! If you have any further questions or need additional assistance, please feel free to reach out to us at any time. Wishing you a wonderful day!, [""Manual30_32""]"
392,"Hello! Concerning your question about 'How can you set anti-block shield f...', I have carefully checked our official manuals, but there doesn't seem to be any detail about this in our knowledge base. Please feel free to connect with our online customer support team. We are always here to help! Please refer to the following related illustrations: <PIC>, [""Manual09_19"", ""Manual09_16"", ""Manual09_17""]"
393,"Hello! I would be very happy to help you with your question regarding the silicone cap and float valve for your multi-use pressure cooker and air fryer.\n\nBased on the retrieved knowledge base content, here is the information about the float valve and silicone cap:\n\nThe float valve has descended, and the top is flush with the lid.  \n<PIC>  \nThe float valve and silicone cap work together to seal in pressurized steam. These parts must be installed before use. Do not attempt to operate the Multi-use pressure cooker and air fryer without the float valve properly installed. Do not touch the float valve during use.\n\nAdditionally, please remember that you must release pressure after pressure cooking before attempting to open the lid. Follow your recipe's instructions to choose a venting method.\n\nI hope this helpful information resolves your query! If you have any further questions or need additional assistance, please feel free to reach out to us at any time. Wishing you a wonderful day!, [""Manual30_18""]"
394,"Hello! I would be very happy to help you with your question regarding the installation of the condensation collector for your multi-use pressure cooker and air fryer.\n\nAfter carefully reviewing the retrieved knowledge base content, I'm sorry to inform you that the provided documents do not contain any specific instructions or steps for installing a condensation collector for a multi-use pressure cooker and air fryer. The available information covers important safety safeguards, pressure release methods, and general usage warnings, but does not include details about the condensation collector installation.\n\nI hope this helpful information resolves your query! If you have any further questions or need additional assistance, please feel free to reach out to us at any time. Wishing you a wonderful day! Please refer to the following related illustrations: <PIC>, [""Manual09_18"", ""Manual09_17"", ""Manual09_16""]"
395,"Hello! I would be very happy to help you with your question regarding the installation of the sealing ring for your multi-use pressure cooker and air fryer.\n\nBased on the retrieved knowledge base content, here is the information about the sealing ring:\n\n<PIC>\n\nThe sealing ring is an essential component for the pressure cooking lid. When the pressure cooking lid is closed, the sealing ring creates an air-tight seal between the lid and the inner pot. The sealing ring must be installed before using the cooker. Only one sealing ring should be installed in the lid at a time.\n\nAdditionally, please note the following important caution:\n- Only use authorized Multi-use pressure cooker and air fryer sealing rings. DO NOT use a stretched or damaged sealing ring.\n- Always check for cuts, deformation, and correct installation of the sealing ring before cooking.\n- Sealing rings stretch over time with normal use. The sealing ring should be replaced every 12-18 months or sooner if you notice stretching, deformation, or damage.\n\nI hope this helpful information resolves your query! If you have any further questions or need additional assistance, please feel free to reach out to us at any time. Wishing you a wonderful day!, [""Manual30_16""]"
396,"Hello! I would be very happy to help you with your question regarding removing the silicone sealing ring for your multi-use pressure cooker and air fryer.\n\nBased on the retrieved knowledge base content, here are the instructions for removing and installing the silicone sealing ring:\n\n**Removing and installing parts - Silicone sealing ring**\n\nThe document states: ""Removing and installing parts - Silicone sealing ring""\n\nAdditionally, please note the following important caution regarding the sealing ring:\n\n""CAUTION: Only use authorized Multi-use pressure cooker and air fryer sealing rings. DO NOT use a stretched or damaged sealing ring.  \n· Always check for cuts, deformation and correct installation of the sealing ring before cooking.  \n· Sealing rings stretch over time with normal use. The sealing ring should be replaced every 12-18 months or sooner if you notice stretching, deformation or damage.  \nFailure to follow these instructions may cause food to discharge, which may lead to personal injury or property damage.""\n\nI hope this helpful information resolves your query! If you have any further questions or need additional assistance, please feel free to reach out to us at any time. Wishing you a wonderful day! Please refer to the following related illustrations: <PIC>, [""Manual09_17"", ""Boat_02"", ""Manual09_19""]"
397,"Hello! I would be very happy to help you with your question regarding the sealing ring of a multi-use pressure cooker and air fryer.\n\nBased on the retrieved knowledge base content, here is the important information about the sealing ring:\n\n**Caution:**\nOnly use authorized Multi-use pressure cooker and air fryer sealing rings. DO NOT use a stretched or damaged sealing ring.\n- Always check for cuts, deformation and correct installation of the sealing ring before cooking.\n- Sealing rings stretch over time with normal use. The sealing ring should be replaced every 12-18 months or sooner if you notice stretching, deformation or damage.\n- Failure to follow these instructions may cause food to discharge, which may lead to personal injury or property damage.\n\n**Installation Instructions:**\nPlace the sealing ring over the sealing ring rack and press it into place. Press down firmly to prevent puckering. When installed properly, the sealing ring is snug behind the sealing ring rack and should not fall out when the lid is turned over.\n\n<PIC>\n\nI hope this helpful information resolves your query! If you have any further questions or need additional assistance, please feel free to reach out to us at any time. Wishing you a wonderful day!, [""Manual30_31""]"
398,"Hello! I would be very happy to help you with your question regarding the steam release valve of a multi-use pressure cooker and air fryer.\n\nBased on the retrieved knowledge base content, here is the information I found:\n\nThe steam release valve is used for the **Quick Release (QR or QPR)** function, which stops cooking quickly and prevents overcooking. It is perfect for quick-cooking vegetables and delicate seafood.\n\n**What to do:**\nPress the quick release button down until it clicks and locks into the Vent position.\n<PIC>\n\n**What to expect:**\nWhen pressed down, a jet of steam ejects through the top of the steam release valve. This is normal! When pressure has been fully released, the float valve drops into the lid.\n<PIC>\n\nAdditionally, it is important to note that you must release pressure after pressure cooking before attempting to open the lid. Please follow your recipe's instructions to choose a venting method.\n\nI hope this helpful information resolves your query! If you have any further questions or need additional assistance, please feel free to reach out to us at any time. Wishing you a wonderful day!, [""multi-use_pressure_cooker_and_air_fryer_01"", ""multi-use_pressure_cooker_and_air_fryer_02""]"
399,"Hello! I would be very happy to help you with your question regarding the quick release button of a multi-use pressure cooker and air fryer.\n\nBased on the retrieved knowledge base content, here is the information about the quick release button:\n\nThe quick release button controls the steam release valve - the part controls whether pressure is released or not.  \n<PIC>\n\nWhen using the Quick Release (QR or QPR) function, it stops cooking quickly and prevents overcooking. It is perfect for quick-cooking vegetables and delicate seafood. Here is what to do and what to expect:\n\n**What to do**\nPress the quick release button down until it clicks and locks into the Vent position.\n<PIC>\n\n**What to expect**\nWhen pressed down, a jet of steam ejects through the top of the steam release valve. This is normal! When pressure has been fully released, the float valve drops into the lid.\n<PIC>\n\nAdditionally, please remember that you must release pressure after pressure cooking before attempting to open the lid. Always follow your recipe's instructions to choose a venting method.\n\nI hope this helpful information resolves your query! If you have any further questions or need additional assistance, please feel free to reach out to us at any time. Wishing you a wonderful day!, [""Manual30_14"", ""multi-use_pressure_cooker_and_air_fryer_01"", ""multi-use_pressure_cooker_and_air_fryer_02""]"
400,"Hello! I would be very happy to help you with your question regarding the Natural Release (NR or NPR) method for a multi-use pressure cooker and air fryer.\n\nBased on the retrieved knowledge base content, here is the information about Natural Release:\n\n**Venting methods - Natural Release (NR or NPR)**\nCooking stops gradually. As the temperature within the cooker drops, the cooker de pressurizes naturally over time.\n\n<PIC>\n\nAdditionally, there is an important notice regarding when to use this method:\n\n**NOTICE**\nUse NR to de pressurize the cooker after cooking high-starch foods (e.g., soups, stews, chilis, pasta, oatmeal and congee) or after cooking foods that expand when cooked (e.g., beans and grains).\n\nI hope this helpful information resolves your query! If you have any further questions or need additional assistance, please feel free to reach out to us at any time. Wishing you a wonderful day!, [""Manual30_9""]"
401,"Hello! I would be very happy to help you with your question regarding the robot anatomy of the vacuum.\n\nBased on the retrieved knowledge base content, the vacuum's anatomy includes its buttons, indicators, and key components. Here is the relevant information:\n\nThe vacuum features a **TOPVIEW** and **BUTTONS & INDICATORS** section, which illustrates the physical layout of the robot. The specific visual reference for this is:\n\n<PIC>\n\nAdditionally, the vacuum's anatomy includes the following key parts and their functions:\n- **CLEAN button**: Used to wake up the vacuum, start a cleaning cycle, pause, or send it back to the Home Base.\n- **DOCK button**: Used to send the vacuum back to its Home Base during a cleaning cycle.\n- **SPOT button**: Used for localized, intensive cleaning of a specific area.\n- **Battery indicator**: Pulses when the vacuum docks to recharge.\n- **Dust bin**: Must be emptied and the filter cleaned after each use.\n- **Battery pack**: Must be removed for long-term storage or transportation, and should be disposed of safely according to local regulations.\n\nI hope this helpful information resolves your query! If you have any further questions or need additional assistance, please feel free to reach out to us at any time. Wishing you a wonderful day!, [""Manual32_1""]"
402,"Hello! I would be very happy to help you with your question regarding the two primary modes available on your vacuum cleaner to tailor its performance for different home cleaning needs.\n\nBased on the retrieved knowledge base content, the vacuum cleaner features a **Dual Mode Virtual Wall Barrier** that offers two distinct modes to suit your cleaning requirements:\n\n- **Halo Mode:** When the switch is in the ""down"" position, the device creates a protective zone that Roomba will not enter. This prevents the vacuum from bumping into items you want to protect (e.g., a dog bowl or vase) or crossing into undesired areas (e.g., a corner or under a desk). The halo is invisible and reaches approximately 24 inches from the center of the device. <PIC>\n\n- **Virtual Wall Mode:** When the switch is in the ""up"" position, the device functions as a virtual wall. This means you can set it to block openings of up to 10 feet. It creates an invisible, cone-shaped barrier that only the vacuum can see. <PIC>\n\n**Note:** This barrier gets wider as it gets further from the device. <PIC>\n\nI hope this helpful information resolves your query! If you have any further questions or need additional assistance, please feel free to reach out to us at any time. Wishing you a wonderful day!, [""Manual32_5"", ""Manual32_6"", ""Manual32_4""]"
403,"Hello! I would be very happy to help you with your question regarding the proper procedure for emptying the vacuum cleaner's bin.\n\nBased on the retrieved knowledge base, here are the steps to empty the bin:\n\n1. Press bin release button to remove bin. (See Figure 4) <PIC>\n2. Open bin door to empty bin. (See Figure 5) <PIC>\n\n**NOTE:** If the full bin indicator comes on at any time during a cleaning job, you can always pause the cleaning job to empty the bin and then continue cleaning. If the full bin indicator is illuminated, but the bin does not appear to be full, refer to Cleaning the Full Bin Sensors.\n\nI hope this helpful information resolves your query! If you have any further questions or need additional assistance, please feel free to reach out to us at any time. Wishing you a wonderful day!, [""Manual32_8"", ""Manual32_9""]"
404,"Hello! I would be very happy to help you with your question regarding the correct procedure for cleaning the vacuum cleaner filter. Here are the steps based on the retrieved knowledge base:\n\n1. **Remove the filter** by grasping the yellow tab. (See Figure 6)  \n   <PIC>\n\n2. **Shake off debris** by tapping the filter against your trash container. (See Figure 7)  \n   <PIC>\n\n**Important:** The filter door won't close unless a filter is reinserted. Insert the filter with the yellow tab facing up.\n\nI hope this helpful information resolves your query! If you have any further questions or need additional assistance, please feel free to reach out to us at any time. Wishing you a wonderful day!, [""Manual32_10"", ""Manual32_11""]"
405,"Hello! I would be very happy to help you with your question regarding cleaning the full bin sensors on your vacuum cleaner.\n\nBased on the retrieved knowledge base, here is the proper procedure for cleaning the full bin sensors:\n\n1. **Remove and empty the bin.** (See Figure 8) <PIC>\n2. **Wipe the sensors with a clean, dry cloth.** (See Figure 9) <PIC>\n3. **Wipe the inner and outer sensor ports on the bin with a clean, dry cloth.** (See Figure 10) <PIC>\n\nI hope this helpful information resolves your query! If you have any further questions or need additional assistance, please feel free to reach out to us at any time. Wishing you a wonderful day!, [""Manual32_12"", ""Manual32_13"", ""Manual32_14""]"
406,"Hello! I would be very happy to help you with your question regarding the correct procedure for cleaning the extractors (brushes or rollers) on your vacuum cleaner.\n\nBased on the retrieved knowledge base content, here are the detailed steps for cleaning the extractors:\n\n1. Pinch the yellow extractor frame release tabs, lift up the extractor frame and remove any obstructions. (See Figure 15)  \n   <PIC>\n\n2. Remove the extractors and remove the yellow extractor caps. Remove any hair or debris that has collected underneath the caps and around the metal axles. Reinstall the extractor caps. (See Figure 16)  \n   <PIC>\n\n3. Remove hair and debris from the square and hexagonal plastic pegs on the other side of the extractors. (See Figure 17)  \n   <PIC>\n\n4. Clear the vacuum path. (See Figure 18)  \n   <PIC>\n\n5. Reinstall the extractors. Match the color and shape of the extractor pegs with the color and shape of the extractor icons on the cleaning head module.\n\nI hope this helpful information resolves your query! If you have any further questions or need additional assistance, please feel free to reach out to us at any time. Wishing you a wonderful day!, [""Manual32_19"", ""Manual32_20"", ""Manual32_21"", ""Manual32_22""]"
407,"Hello! I would be very happy to help you with your question regarding the proper procedure for cleaning the sensors and charging contacts on your vacuum cleaner.\n\nBased on the retrieved knowledge base content, here are the detailed steps for cleaning:\n\n**CLEANING THE SENSOR AND CHARGING CONTACTS**\n\n1. **Clean the sensor:** Wipe the sensor with a clean, dry cloth. Do not spray cleaning solution directly on to the sensors or sensor openings. (See Figure 13) <PIC>\n\n2. **Clean the charging contacts:** Wipe the charging contacts on Roomba and the Home Base with a clean, dry cloth. (See Figure 14) <PIC>\n\nAdditionally, for the **full bin sensors**, you can follow these steps:\n1. Remove and empty the bin. (See Figure 8) <PIC>\n2. Wipe the sensors with a clean, dry cloth. (See Figure 9) <PIC>\n3. Wipe the inner and outer sensor ports on the bin with a clean, dry cloth. (See Figure 10) <PIC>\n\nI hope this helpful information resolves your query! If you have any further questions or need additional assistance, please feel free to reach out to us at any time. Wishing you a wonderful day!, [""Manual32_17"", ""Manual32_18"", ""Manual32_12"", ""Manual32_13"", ""Manual32_14""]"
408,"Hello! I would be very happy to help you with your question regarding the correct procedure for positioning the home base of your vacuum cleaner.\n\nBased on the retrieved knowledge base content, here are the specific positioning requirements for your vacuum:\n\n# POSITIONING THE vacuum\nPlace the vacuume in an open, uncluttered area, leaving the following distances around the unit:\n- At least 1.5 feet on each side of the vacuum\n- At least 4 feet in front of the vacuum, and at least 4 feet away from stairs.\n- At least 8 feet from virtual wall barriers.\n\nAlways keep the vacuum plugged in and make sure it is in an area with consistent coverage to allow vacuum to receive information via the app.\n\nI hope this helpful information resolves your query! If you have any further questions or need additional assistance, please feel free to reach out to us at any time. Wishing you a wonderful day! Please refer to the following related illustrations: <PIC>, [""Manual32_17"", ""Manual32_18"", ""Manual32_1""]"
409,"Hello! I would be very happy to help you with your question regarding the proper procedure for cleaning the front caster wheel of your vacuum cleaner.\n\nBased on the retrieved knowledge base content, here are the exact steps to follow:\n\n# CLEANING THE FRONT CASTER WHEEL  \n1. Pull firmly on the front wheel to remove it. (See Figure 11)  \n   <PIC>  \n2. Remove any debris from inside the wheel cavity.  \n3. Spin the wheel by hand. If rotation is restricted, remove the wheel from its housing and push firmly to remove the axle and clear any debris or hair wrapped around it.  \n4. Reinstall all parts when finished. Make sure the wheel clicks back into place.\n\nI hope this helpful information resolves your query! If you have any further questions or need additional assistance, please feel free to reach out to us at any time. Wishing you a wonderful day!, [""Manual32_15""]"
410,"Hello! I would be very happy to help you with your question regarding the correct procedure for cleaning the side brush of your vacuum cleaner.\n\nBased on the retrieved knowledge base content, here are the exact steps to follow:\n\n# CLEANING THE SIDE BRUSH  \n1. Use a coin or small screwdriver to remove the screw. (See Figure 12)  \n   <PIC>  \n2. Remove the brush, clean the brush and the brush post, and reinstall the brush.\n\nI hope this helpful information resolves your query! If you have any further questions or need additional assistance, please feel free to reach out to us at any time. Wishing you a wonderful day!, [""Manual32_16""]"
411,"Hello! I would be very happy to help you with your question regarding the dual-mode virtual wall barrier on your vacuum cleaner.\n\nBased on the retrieved knowledge base content, the dual-mode virtual wall barrier is designed to keep the vacuum in the places you want it to be cleaned—and out of the ones you don't. It offers two distinct modes to suit your home's cleaning needs:\n\n**Virtual Wall Mode:** When the switch is in the ""up"" position, the device functions as a virtual wall. This means that you can set it to block openings of up to 10 feet. It creates an invisible, cone-shaped barrier that only the vacuum can see. Please note that this barrier gets wider as it gets further from the device. <PIC>\n\n**Halo Mode:** When the switch is in the ""down"" position, the device creates a protective zone that the Roomba will not enter. This prevents the vacuum from bumping into items you want to protect (e.g., a dog bowl or vase) or crossing into undesired areas (e.g., a corner or under a desk). The halo is invisible and reaches approximately 24 inches from the center of the device. <PIC>\n\nAdditionally, under normal use, batteries will last 8-10 months. If you are not planning on using your virtual wall device for an extended period of time and would like to store it, be sure to switch it to the ""Off"" (middle) position. <PIC>\n\nI hope this helpful information resolves your query! If you have any further questions or need additional assistance, please feel free to reach out to us at any time. Wishing you a wonderful day!, [""Manual32_6"", ""Manual32_5"", ""Manual32_4""]"
412,"Hello! I would be very happy to help you with your question regarding troubleshooting steps for your vacuum.\n\nBased on the retrieved knowledge base content, here is the information about what happens when the vacuum indicates a problem and how to resolve it:\n\n**Troubleshooting Indicator and Distress Sound:**\nThe vacuum will tell you something is wrong with a two-tone distress sound followed by a spoken message. The troubleshooting indicator will also blink. More detailed support and videos are available through the app and online.\n\n**Rebooting Instructions:**\nFor some errors, rebooting the vacuum may resolve the problem. To reboot the vacuum, press and hold CLEAN for 10 seconds until all indicators illuminate, then release. When you release the CLEAN button, you will hear an audible tone signifying a successful reboot.\n\n**Note:** If you use the vacuum's scheduling feature, open the app after rebooting to confirm that the schedule remains intact.\n\nI hope this helpful information resolves your query! If you have any further questions or need additional assistance, please feel free to reach out to us at any time. Wishing you a wonderful day! Please refer to the following related illustrations: <PIC>, [""Manual32_19"", ""Manual32_20"", ""Manual32_21""]"
413,"Hello! I would be very happy to help you with your question regarding T-rail mounting instructions for a camera or equipment.\n\nBased on the retrieved knowledge base content, I'm sorry to inform you that the provided documents do not contain any specific instructions or details about T-rail mounting for a camera or equipment. The available content primarily covers general camera care, safety warnings, printer errors, and boat-related labels and procedures, but none of these sections mention T-rail mounting.\n\nI hope this information is helpful! If you have any further questions or need assistance with a different topic, please feel free to reach out to us at any time. Wishing you a wonderful day!"
414,"Hello! I would be very happy to help you with your question regarding powering the camera.\n\nBased on the retrieved knowledge base content, there are two main ways to power the camera:\n\n**1. Using a Household Power Outlet (with optional AC Adapter Kit ACK-E2)**\n\nYou can use the AC Adapter Kit ACK-E2 (optional) to connect the camera to a household power outlet. The steps are as follows:\n\n- **Connect the DC Coupler:** Connect the DC Coupler's plug to the AC adapter's socket. <PIC>\n- **Connect the power cord:** Connect the power cord to the AC adapter. Insert the plug into a power outlet. When you are finished, disconnect the plug from the power outlet. <PIC>\n\nThe AC Adapter Kit ACK-E2 is a power source kit (AC adapter, DC coupler, power cord) for supplying power to the camera with a household power outlet. It is compatible with AC 100 - 240 V. <PIC>\n\n**2. Using the Power Switch (for battery operation)**\n\nThe camera can operate only after the switch is turned on. <PIC>\n- **<OFF>**: The camera is turned off and does not operate.\n- **<ON>**: The camera operates.\n\nTo save battery power, the camera turns off automatically after 1 minute of non-operation. To turn on the camera again, just press the shutter button.\n\nI hope this helpful information resolves your query! If you have any further questions or need additional assistance, please feel free to reach out to us at any time. Wishing you a wonderful day!, [""Camera_14"", ""Camera_15"", ""Manual10_237"", ""Manual10_29""]"
415,"Hello! I would be very happy to help you with your question regarding the proper use of the brake lever and brake button.\n\nBased on the retrieved knowledge base content, here is the correct procedure for using the brake lever and parking brake button:\n\n**To apply the parking brake:**\nSqueeze the brake lever, then push down the parking brake button while releasing the brake lever. This will lock the brake in place.\n\n**To release the parking brake:**\nSimply squeeze the brake lever again, and the parking brake button will release.\n\nThe manual also provides a helpful note: ""Whenever you shut off the engine, engage the parking brake to prevent accidental movement of the machine.""\n\nAdditionally, it is important to test the brake at slow speed when starting out to make sure it is working properly. If the brake does not provide proper braking performance, inspect the brake for wear.\n\n<PIC>\n\nI hope this helpful information resolves your query! If you have any further questions or need additional assistance, please feel free to reach out to us at any time. Wishing you a wonderful day!, [""Manual34_133""]"
416,"Hello! I would be very happy to help you with your question regarding the essential preparation checks before using a snowmobile.\n\nBased on the retrieved knowledge base content, before operating your snowmobile, it is crucial to perform the following safety and pre-operation checks:\n\n1.  **Read the Manual and Labels:** ""Read the Owner's Manual and all labels before operating this machine. Become familiar with all of the operating controls and their function. Consult a dealer about any control or function you do not understand.""\n2.  **Perform Pre-Operation Checks:** ""For safety and proper care of the machine, always perform the pre-operation checks on page 6-1~6-8 before starting the engine. Check the throttle steering and brake operation every time before starting the engine. Be sure the throttle lever moves freely and it returns to the idle position when it is released.""\n3.  **Apply the Parking Brake:** ""Apply the parking brake before starting the engine. Never drive the machine with the parking brake applied. This may overheat the brake disc and reduce braking ability.""\n4.  **Handle Fuel with Care:** ""Handle fuel with care; it is highly flammable. Never add fuel when the engine is running or hot. Allow the engine to cool for several minutes after running. Use an approved fuel container. Fill the fuel tank outdoors with extreme care.""\n5.  **Wear Protective Clothing:** ""Wear protective clothing. Wear an approved helmet, and a face shield or goggles. Also, wear a good quality snowmobile suit, boots, and a pair of snowmobile gloves or mittens that will permit use of your thumbs and fingers for operation of the controls.""\n\n<PIC> <PIC> <PIC> <PIC> <PIC> <PIC>\n\nI hope this helpful information resolves your query! If you have any further questions or need additional assistance, please feel free to reach out to us at any time. Wishing you a wonderful day!, [""snowmobile_01"", ""snowmobile_02"", ""snowmobile_03"", ""Manual34_10"", ""Manual34_11"", ""Manual34_12""]"
417,"Hello! I would be very happy to help you with your question regarding starting the engine of a snowmobile.\n\nBased on the retrieved knowledge base content, here are the detailed steps to start the engine of a snowmobile, as described in the manual:\n\n1.  **Pre-Operation Checks**: Before starting the engine, always perform the pre-operation checks. Check the throttle, steering, and brake operation every time before starting the engine. Be sure the throttle lever moves freely and returns to the idle position when released. Also, apply the parking brake before starting the engine. <PIC>\n\n2.  **Safety Check**: Ensure the engine shut-off cord (lanyard) is attached to the engine shut-off switch. The engine will not start when the clip is removed from the engine shut-off switch.\n\n3.  **Neutral Position**: Put the remote control levers in the neutral position. The starter motors will not operate unless the remote control levers are in neutral.\n\n4.  **Start the Engine**: Turn the main switch key to the ""START"" position. The starter motor will turn to start the engine. Release the key when the engine starts (it will return automatically to the ""ON"" position).\n\n5.  **Cranking Limit**: If the engine does not start after 5 seconds of cranking, release the key. Wait at least 15 seconds before trying to start the engine again. Continuous cranking for more than 5 seconds will discharge the battery and may damage the starter motor. <PIC>\n\nI hope this helpful information resolves your query! If you have any further questions or need additional assistance, please feel free to reach out to us at any time. Wishing you a wonderful day!, [""Manual34_10"", ""Manual09_237""]"
418,"Hello! I would be very happy to help you with your question regarding the V-Belt Holder.\n\nBased on the retrieved knowledge base content, the V-Belt Holder is a storage feature designed for emergency preparedness. Here is the exact information:\n\n""Keep a spare V-belt for emergency use by putting it into the holder provided.""\n\nAdditionally, there are important cautions to note:\n- **CAUTION:** Be sure to tighten the bolt when installing the V-belt in the holder.\n- **CAUTION:** Be sure the V-belt is installed securely in the holder. The V-belt could be damaged by the hot muffler if it comes loose.\n\n<PIC> <PIC> <PIC> <PIC> <PIC> <PIC>\n\nI hope this helpful information resolves your query! If you have any further questions or need additional assistance, please feel free to reach out to us at any time. Wishing you a wonderful day!, [""Manual34_51"", ""Manual34_52"", ""Manual34_53"", ""Manual34_54"", ""Manual34_55"", ""Manual34_56""]"
419,"Hello! I would be very happy to help you with your question regarding the throttle cable adjustment on your snowmobile.\n\nBased on the retrieved knowledge base content, here are the steps to adjust the throttle cable:\n\n<PIC>\n\n1.  Loosen the adjuster lock nut.\n2.  Turn the adjuster in or out until proper throttle lever free play is achieved.\n3.  Tighten the locknut.\n\n<PIC> <PIC>\n\n**Important Warning:** Please be sure the engine idle speed is adjusted first before performing this adjustment. Also, ensure the throttle outer cable is firmly seated in the holder and the throttle operates smoothly after assembling the carburetor.\n\nI hope this helpful information resolves your query! If you have any further questions or need additional assistance, please feel free to reach out to us at any time. Wishing you a wonderful day!, [""Manual34_148"", ""Manual34_149"", ""Manual34_150""]"
420,"Hello! I would be very happy to help you with your question regarding the proper way to use the steering system on a snowmobile.\n\nBased on the retrieved knowledge base content, here is the correct technique for turning your snowmobile:\n\nFor most snow surfaces, “body English"" is the key to turning. As you approach a curve, slow down and begin to turn the handlebars in the desired direction. As you do so, put your weight on the running board to the inside of the turn and lean your upper body into the turn.\n\nThis procedure should be practiced at slow speed many times in a large flat area with no obstacles. Once you have learned this technique, you should be able to perform it at higher speeds or in tighter curves. Lean more as the turn gets sharper or is made at higher speeds.\n\n<PIC>\n\n**Important Safety Note:** Improper riding procedures such as abrupt throttle changes, excessive braking, incorrect body movements, or too much speed for the sharpness of the turn may cause the snowmobile to tip. If your snowmobile begins to tip while turning, lean more into the turn to regain balance. If necessary, gradually let off on the throttle and/or steer to the outside of the turn.\n\nI hope this helpful information resolves your query! If you have any further questions or need additional assistance, please feel free to reach out to us at any time. Wishing you a wonderful day and safe riding!, [""Manual34_127""]"
421,"Hello! I would be very happy to help you with your question regarding the correct steps to turn using a snowmobile.\n\nBased on the retrieved knowledge base content, here are the correct steps and techniques for turning your snowmobile:\n\nFor most snow surfaces, “body English"" is the key to turning. As you approach a curve, slow down and begin to turn the handlebars in the desired direction. As you do so, put your weight on the running board to the inside of the turn and lean your upper body into the turn.\n\nThis procedure should be practiced at slow speed many times in a large flat area with no obstacles. Once you have learned this technique, you should be able to perform it at higher speeds or in tighter curves. Lean more as the turn gets sharper or is made at higher speeds.\n\n**Important safety note:** Improper riding procedures such as abrupt throttle changes, excessive braking, incorrect body movements, or too much speed for the sharpness of the turn may cause the snowmobile to tip. If your snowmobile begins to tip while turning, lean more into the turn to regain balance. If necessary, gradually let off on the throttle and/or steer to the outside of the turn.\n\n<PIC>\n\nI hope this helpful information resolves your query! If you have any further questions or need additional assistance, please feel free to reach out to us at any time. Wishing you a wonderful day and safe riding!, [""Manual34_127""]"
422,"Hello! I would be very happy to help you with your question regarding proper techniques for riding uphill on a snowmobile.\n\nBased on the retrieved knowledge base content, here are the recommended steps and techniques for riding uphill:\n\n> # RIDING UPHILL\n> You should practice first on gentle slopes. Try more difficult climbs only after you have developed your skill. As you approach a hill, accelerate before you start the climb, and then reduce the throttle opening to prevent track slippage. It is also important to keep your weight on the uphill side at all times. On climbs straight up the hill this can be accomplished by leaning forward and, on steeper inclines, standing on the running boards and leaning forward over the handlebars. (Also see ""CROSSING A SLOPE."")\n> Slow down as you reach the crest of the hill, and be prepared to react to obstacles, sharp drops, or other people or vehicles which may be on the other side.\n> If you are unable to continue up a hill, do not spin the track. Stop the engine and set the parking brake. Then pull the rear of the snowmobile around to point the machine back down the hill. Do not get on the downhill side of the machine. When the snowmobile is pointed downhill, restart the engine, release the parking brake, and descend the hill.\n\nI hope this helpful information resolves your query! If you have any further questions or need additional assistance, please feel free to reach out to us at any time. Wishing you a wonderful day! Please refer to the following related illustrations: <PIC>, [""Manual34_129"", ""Manual34_33"", ""Manual34_34""]"
423,"Hello! I would be very happy to help you with your question regarding proper techniques for riding downhill on a snowmobile.\n\nBased on the retrieved knowledge base content, here are the recommended steps for riding downhill:\n\n**RIDING DOWNHILL**\nWhen riding downhill, keep speed to a minimum. It is important to apply just enough throttle to keep the clutch engaged while descending the hill. This will allow you to use engine compression to help slow the machine, and to keep the snowmobile from rolling freely down the hill. Also apply the brake frequently, with light pressure. <PIC>\n\nI hope this helpful information resolves your query! If you have any further questions or need additional assistance, please feel free to reach out to us at any time. Wishing you a wonderful day and safe riding!, [""Manual34_128""]"
424,"Hello! I would be very happy to help you with your question regarding the correct techniques for crossing a slope on a snowmobile.\n\nBased on the retrieved knowledge base content, here is the detailed guidance for crossing a slope (also known as side hilling):\n\n> # WARNING  Side hills are not recommended for a beginner or novice snowmobile rider. Crossing the face of a slope (sidehill) requires you to properly position your weight to maintain proper balance. As you travel across the slope, lean your body to position your weight towards the up hillside. A recommended riding position is to kneel with the knee of the downhill leg on the seat and the foot of the uphill leg on the running board. This position will make it easier for you to shift your body weight as needed. Snow and ice are slippery, so be prepared for the possibility that your snowmobile could begin to slip sideways on the slope. If this happens, steer in the direction of the slide if there are no obstacles in your path. As you regain proper balance, gradually steer again in the direction you wish to travel. If your snowmobile starts to tip, steer down the hill to regain balance.  \n<PIC>\n\nI hope this helpful information resolves your query! If you have any further questions or need additional assistance, please feel free to reach out to us at any time. Wishing you a wonderful day and safe riding!, [""Manual34_129""]"
425,"Hello! I would be very happy to help you with your question regarding the spark plug inspection steps for your snowmobile.\n\nBased on the retrieved knowledge base content, here are the detailed steps for inspecting the spark plug:\n\n1.  **Check the Coloration**: ""Check the coloration on the white porcelain insulator around the center electrode. The ideal coloration at this point is a medium to a light tan color for a machine that is being ridden normally. If a spark plug shows a distinctly different color, there could be something wrong with the engine.""\n\n2.  **Understand Thread Length**: ""Spark plugs are produced in several different thread lengths. The thread length (reach) is the distance from the spark plug gasket seat to the end of the threaded portion. If the reach is too long, overheating and engine damage may result. If the reach is too short, spark plug fouling and poor performance may result. Always use a spark plug with the proper reach."" <PIC>\n\n3.  **Measure the Electrode Gap**: ""Before installing any spark plug, measure the electrode gap with a wire thickness gauge and adjust to specification.""\n\n4.  **Install Properly**: ""When installing the plug, always clean the gasket surface. Wipe off any grime from the threads and torque the spark plug properly. Spark plug torque: 28 Nm (2.8 m-kg, 20 ft-lb)"" <PIC>\n\n5.  **Periodic Inspection**: ""You should periodically remove and inspect the spark plug because heat and deposits will cause any spark plug to slowly breakdown and erode. Consult your dealer before changing to a different type of spark plug.""\n\nI hope this helpful information resolves your query! If you have any further questions or need additional assistance, please feel free to reach out to us at any time. Wishing you a wonderful day!, [""Manual34_138"", ""Manual34_139""]"
426,"Hello! I would be very happy to help you with your question regarding cleaning a snowmobile.\n\nBased on the retrieved knowledge base content, I'm sorry to inform you that the provided documents do not contain specific steps or instructions for cleaning a snowmobile. The available information focuses on getting to know your snowmobile, learning to ride, maintenance schedules, and troubleshooting, but does not include a dedicated cleaning procedure.\n\nI hope this information is helpful! If you have any further questions or need assistance with other topics, please feel free to reach out. Wishing you a wonderful day!"
427,"Hello! I would be very happy to help you with your question regarding memorizing communication channels using a manual program.\n\nBased on the retrieved knowledge base content, here is the relevant information for memorizing channels:\n\n""Memorizing Channels\n\nThis is the function to memorize all the active channels in your area before you can use the TV. There are two ways of memorizing channels. You can use either. One is called AUTO PROGRAM and theother is called MANUAL PROGRAM. In AUTO PROGRAM the TV will memorize the channels in ascending order. If there are additional channels you want to add or delete, you can manually add or delete those channels.""\n\nThe best method for memorizing channels using a manual program is to first use the AUTO PROGRAM function to memorize all active channels in ascending order. Then, for any additional channels you wish to add or delete, you can use the MANUAL PROGRAM feature to manually add or delete those specific channels as needed.\n\nI hope this helpful information resolves your query! If you have any further questions or need additional assistance, please feel free to reach out to us at any time. Wishing you a wonderful day! Please refer to the following related illustrations: <PIC>, [""Manual09_17"", ""Manual09_19"", ""Manual09_18""]"
428,"Hello! I would be very happy to help you with your question regarding poor reception in television or radio signals.\n\nHowever, after carefully reviewing the retrieved knowledge base content, I am sorry to inform you that the provided documents do not contain any information about television or radio signal reception, common causes of poor reception, or related conditions. The content focuses entirely on boat identification labels, engine components, emission control information, and safety labels for marine vessels.\n\nI hope this helpful information resolves your query! If you have any further questions or need additional assistance regarding the boat's labels, identification numbers, or other topics covered in the manual, please feel free to reach out to us at any time. Wishing you a wonderful day! Please refer to the following related illustrations: <PIC>, [""Manual09_17"", ""Manual09_16"", ""Manual09_18""]"
429,"Hello! I would be very happy to help you with your question regarding captions and on-screen text settings.\n\nBased on the retrieved knowledge base content, I found information about subtitle language settings in a video playing mode, which may be relevant to your query. Here are the steps:\n\n1. **Access Subtitle Language Settings**: When in video playing mode, if subtitles are available from your video file, press the ""M"" button, then press **Subtitle Language** to make a change.  \n   <PIC>\n\n2. **Select Time Play**: Press the ""M"" button, then select **Time Play** to change the time to play.\n\n3. **Full Screen Options**: Press the ""M"" button, then select **Full Screen** to change the screen display. There are three modes: **Full screen**, **Normal**, and **Original**.\n\n4. **Brightness Adjustment**: There are five levels of brightness; you can select the comfortable brightness.\n\nI hope this helpful information resolves your query! If you have any further questions or need additional assistance, please feel free to reach out to us at any time. Wishing you a wonderful day!, [""Manual13_9""]"
430,"Hello! I would be very happy to help you with your question regarding the proper connection and setup of an outdoor antenna for optimal signal reception.\n\nBased on the retrieved knowledge base content, here are the recommended steps and important tips:\n\n**1. Inspect the Antenna and Cable**\nFor the best reception, we recommend you use an outdoor antenna. Severely weathered antennas and antenna cables can reduce the signal quality. Before connecting it, necessarily inspect them. Any service center can explain the various outdoor antennas available to you.\n\n**2. Choose the Correct Connection Method**\nDepending on the type of cable you have, please follow the appropriate steps:\n\n- **For 300 Ohm Flat Wire:**\n  1. Connect the 300 ohm flat wire to screws on the 300 ohm to 75 ohm adapter.\n  2. Push the end of 300 ohm to 75 ohm adapter into 75 ohm antenna jack.\n  <PIC>\n\n- **For 75 Ohm Coaxial Cable:**\n  1. Connect the 75 ohm coaxial cable directly to the 75 ohm antenna jack.\n  <PIC>\n\n**3. Troubleshooting Common Reception Issues**\nIf you experience picture problems, here are some common causes and solutions:\n\n- **IGNITION:** Picture may flutter, drift, suffer from black spots or horizontal streaking. Usually caused by interference from automobile ignition systems, neon lamps, electrical drills and other electrical appliances. <PIC>\n- **GHOSTS:** Ghosts are caused when the TV signal splits and follows two paths. One is the direct path and the other is reflected off tall buildings, hills or other objects. Changing the direction or position of the antenna may improve reception. <PIC>\n- **SNOW:** If your receiver is located at the weak, fringe area of a TV signal your picture may be marred by small dots. It may be necessary to install a special antenna to improve the picture. <PIC>\n\nI hope this helpful information resolves your query! If you have any further questions or need additional assistance, please feel free to reach out to us at any time. Wishing you a wonderful day!, [""Manual35_39"", ""Manual35_39"", ""television0_01"", ""television0_02"", ""television0_03""]"
431,"Hello! I would be very happy to help you with your question regarding connecting a DVD player to your television for optimal performance.\n\nBased on the retrieved knowledge base content, here are the steps to properly connect a DVD player (referred to as ""component DVD"" in the manual) to your TV:\n\n1.  **Connect the video cables**: Connect the component DVD inputs to the **Y, PB, PR (480i)** ports on your TV.\n2.  **Connect the audio cables**: Connect the audio inputs to the **audio IN (L/R)** ports on your TV.\n3.  **Select the correct input mode**: Turn the set on and press the **TV/VIDEO** button on the remote control or the TV/VIDEO button on the front panel to select **COMPONENT**.\n4.  **Play the DVD**: Try this after turning on the DVD set.\n\n<PIC>\n\nI hope this helpful information resolves your query! If you have any further questions or need additional assistance, please feel free to reach out to us at any time. Wishing you a wonderful day!, [""television0_04""]"
432,"Hello! I would be very happy to help you with your question regarding troubleshooting technical issues or malfunctions.\n\nBased on the retrieved knowledge base content, the key factors to check when troubleshooting are outlined in the **Troubleshooting chart** and **Emergency procedures** sections. Here are the specific areas to inspect:\n\n**Trouble recovery** includes the following critical checks:\n- **Troubleshooting chart** – This provides a systematic guide to diagnose common issues.\n- **Emergency procedures** – These cover steps for urgent situations.\n- **Jet pump clean-out procedure** – Important for clearing blockages in the jet intake.\n- **Jump-starting** – For battery-related starting issues.\n- **Fuse replacement** – Checking and replacing blown fuses.\n- **Towing the boat** – Procedures if the boat becomes disabled.\n\nAdditionally, from the **Pre-operation checks** section, the following points are essential to verify before and during operation to prevent malfunctions:\n- Steering system checks\n- Remote control lever checks\n- Fire extinguisher check\n- Access port cap check\n- Jet intake checks\n- Fuel system checks\n- Engine oil level check\n- Battery check\n- Bilge water check\n- Drain plug check\n- Blower switch check\n- Navigation and anchor lights switch check\n- Horn switch check\n- Engine shut-off cord (lanyard) check\n- Post-launch checks (Engine shut-off switch check, Cooling water pilot outlet check, Fuel level check)\n\nI hope this helpful information resolves your query! If you have any further questions or need additional assistance, please feel free to reach out to us at any time. Wishing you a wonderful day! Please refer to the following related illustrations: <PIC>, [""Manual09_19"", ""Manual09_18"", ""Manual09_17""]"
433,"Hello! I would be very happy to help you with your question regarding safety precautions for the safe operation of your boat.\n\nBased on the retrieved knowledge base content, here are the essential safety precautions you should follow:\n\nFirst and foremost, please ensure that you and any potential operators have read all the relevant materials:\n> ""Before operating the boat, read the owner’s/operator’s manual, the Operation Instruction card, and all labels on the boat. These materials should give you an understanding of the boat and its operation. Never allow anyone to operate this boat until they too have read this owner’s/operator’s manual, the Operation Instruction card, and all labels.""\n\nAdditionally, please be aware of the following critical safety warning regarding fuel:\n> ""DANGER: In certain conditions, fuel is extremely flammable and highly explosive. A fire or explosion from fuel can burn you and others and can damage property. Refer to Fuel Safety (page 16) for a complete list of fuel related precautions.""\n\nAlso, please note that all applicable electrical system components installed as original equipment meet appropriate U.S.C.G. requirements for ignition protection (Ref. 33 CFR 183.410 and 183.440).\n\nI hope this helpful information resolves your query! If you have any further questions or need additional assistance, please feel free to reach out to us at any time. Wishing you a wonderful day! Please refer to the following related illustrations: <PIC>, [""Boat_02"", ""Manual09_17"", ""Manual09_19""]"
434,"Hello! I would be very happy to help you with your question regarding adjusting the intensity settings on your electric toothbrush to suit your oral care needs.\n\nBased on the retrieved knowledge base content, your toothbrush's intensity settings can be customized through the connected app. Here is the relevant information:\n\nFrom the **App - Getting Started** section:\n> ""The app pairs with your toothbrush to provide you a connected experience. By connecting your toothbrush to your app account, you will be able to:\n> - Customize your toothbrush settings according to your preferred modes, intensity and toothbrush feedback.""\n\nTo adjust the intensity, please follow these steps:\n1.  Download the app to your phone and ensure your phone's Bluetooth is turned on.\n2.  Pick up your toothbrush to ensure it is active (lights on).\n3.  Open the app and follow the guided steps to pair your toothbrush and create your account.\n4.  Once connected, you can customize your intensity settings directly within the app.\n\nAdditionally, from the **Brushing modes** section:\n> ""To personalize your brushing mode you can customize your power toothbrush settings from the app (see 'App - Getting Started'). Note: Although a mode is not displayed on the toothbrush handle, you can update the mode any time from the App and your selection will be stored.""\n\nI hope this helpful information resolves your query! If you have any further questions or need additional assistance, please feel free to reach out to us at any time. Wishing you a wonderful day! Please refer to the following related illustrations: <PIC>, [""Manual09_17"", ""Manual09_19"", ""Manual09_18""]"
435,"Hello! I would be very happy to help you with your question regarding the activation and deactivation of features on your electric toothbrush for customized usage.\n\nBased on the retrieved knowledge base content, here are the steps for activating or deactivating the features:\n\nYou can activate or deactivate the following features of your toothbrush:\n- Adaptive Intensity\n- Pressure Sensor Feedback\n- Scrubbing Feedback\n- Brush head replacement reminder\n\n**Note:** Adaptive Intensity will be deactivated when pressure sensor is deactivated.\n\nAdditionally, for customizing your brushing experience, the toothbrush comes with 3 different intensity settings:\n- High intensity (three lights)\n- Medium intensity (two lights)\n- Low intensity (one light)\n\n<PIC>\n\nTo manually select your desired intensity, press the intensity indicator lights on the handle to cycle through the options. The intensity setting can be changed before, during, or after brushing.\n\n<PIC>\n\n**Note:** The intensity setting can also be customized from the app.\n\nI hope this helpful information resolves your query! If you have any further questions or need additional assistance, please feel free to reach out to us at any time. Wishing you a wonderful day!, [""toothbrush0_06"", ""toothbrush0_07""]"
436,"Hello! I would be very happy to help you with your question regarding charging an electric toothbrush inside a travel case. Based on the retrieved knowledge base content, here are the clear steps and tips to ensure proper charging:\n\n1. **Plug the USB cord into the travel case and into the USB wall adapter.**  \n   <PIC>\n\n2. **Plug the wall adapter into an electrical outlet.**\n\n3. **Place toothbrush into travel case.**  \n   <PIC>  \n   - To indicate charging has started successfully, the toothbrush will beep twice and the lights will illuminate in an upward motion.  \n   - While charging, the battery indicator blinks in white.  \n   <PIC>\n\n4. **Leave travel case plugged in until toothbrush is fully charged.** The battery light will turn off (stop blinking) when the handle has finished charging.  \n   <PIC>\n\n**Note:** Make sure the travel case is placed on its side for better stability.\n\nI hope this helpful information resolves your query! If you have any further questions or need additional assistance, please feel free to reach out to us at any time. Wishing you a wonderful day!, [""Manual37_18"", ""Manual37_19"", ""Manual37_20"", ""Manual37_21""]"
